name,abbrev,host,kind,default,function,src_desc,fw_01.AUG.91,fw_13.SEP.95,fw_30.12.1988,ev_01.AUG.91,ev_13.SEP.95,ev_30.12.1988,note
3RDPARTY,3R,,param,OFF,Enables 3rd party MailDrop messages,timewave,?,?,?,,,,
5BIT,5B,,mode,Immediate Command,Starts copying special 5 bit stations,timewave,?,yes,?,,"fw_scan 20260728 (docs/reference/fw_scan/20260728_deviceA_13SEP95.csv; device A per operator, banner Release 13.SEP.95)",,
6BIT,6B,,mode,Immediate Command,Starts copying special 6 bit stations,timewave,?,yes,?,,"fw_scan 20260728 (docs/reference/fw_scan/20260728_deviceA_13SEP95.csv; device A per operator, banner Release 13.SEP.95)",,
8BITCONV,8B,,param,OFF,Enables 8 bit data in packet/ASCII CONVERSE,timewave,?,yes,?,,"fw_scan 20260728 (docs/reference/fw_scan/20260728_deviceA_13SEP95.csv; device A per operator, banner Release 13.SEP.95)",,
AAB,AA,,param,(empty),Sets the 0-24 character WRU Auto-answerback,timewave,?,yes,?,,"fw_scan 20260728 (docs/reference/fw_scan/20260728_deviceA_13SEP95.csv; device A per operator, banner Release 13.SEP.95)",,
ABAUD,AB,,param,110 baud,Sets the ASCII baud rate,timewave,?,yes,?,,"fw_scan 20260728 (docs/reference/fw_scan/20260728_deviceA_13SEP95.csv; device A per operator, banner Release 13.SEP.95)",,
ACHG,AC,,action_tx,Immediate Command,Forces AMTOR and Pactor ARQ Changeover,timewave,?,yes,?,,"fw_scan 20260728 (docs/reference/fw_scan/20260728_deviceA_13SEP95.csv; device A per operator, banner Release 13.SEP.95)",,
ACKPRIOR,ACK,,param,OFF,Enables priority acknowledgment in packet,timewave,?,yes,?,,"fw_scan 20260728 (docs/reference/fw_scan/20260728_deviceA_13SEP95.csv; device A per operator, banner Release 13.SEP.95)",,
ACRDISP,ACRD,,param,0,Sets terminal output Screen width,timewave,?,yes,?,,"fw_scan 20260728 (docs/reference/fw_scan/20260728_deviceA_13SEP95.csv; device A per operator, banner Release 13.SEP.95)",,
ACRPACK,ACRP,,param,ON,Adds Carriage Returns to transmitted packets,timewave,?,yes,?,,"fw_scan 20260728 (docs/reference/fw_scan/20260728_deviceA_13SEP95.csv; device A per operator, banner Release 13.SEP.95)",,
ACRRTTY,ACRR,,param,71,Sets the RTTY/AMTOR Auto <CR> insert column,timewave,?,yes,?,,"fw_scan 20260728 (docs/reference/fw_scan/20260728_deviceA_13SEP95.csv; device A per operator, banner Release 13.SEP.95)",,PK232PY mask label is ACRTTY (config acrtty)
ADDRESS,ADD,,param,$0000,Setting an Address in the PK-232 memory,timewave,?,yes,?,,"fw_scan 20260728 (docs/reference/fw_scan/20260728_deviceA_13SEP95.csv; device A per operator, banner Release 13.SEP.95)",,
ADELAY,AD,,param,4,"Sets AMTOR and Pactor transmit delay, 10 ms.",timewave,?,yes,?,,"fw_scan 20260728 (docs/reference/fw_scan/20260728_deviceA_13SEP95.csv; device A per operator, banner Release 13.SEP.95)",,
AFILTER,AF,,param,OFF,Enables All-mode-receive character filter,timewave,?,yes,?,,"fw_scan 20260728 (docs/reference/fw_scan/20260728_deviceA_13SEP95.csv; device A per operator, banner Release 13.SEP.95)",,
ALFDISP,ALFD,,param,ON,Sends <LF> after <CR> to terminal,timewave,?,yes,?,,"fw_scan 20260728 (docs/reference/fw_scan/20260728_deviceA_13SEP95.csv; device A per operator, banner Release 13.SEP.95)",,
ALFPACK,ALFP,,param,OFF,Sends <LF> after <CR> in transmitted packets,timewave,?,yes,?,,"fw_scan 20260728 (docs/reference/fw_scan/20260728_deviceA_13SEP95.csv; device A per operator, banner Release 13.SEP.95)",,
ALFRTTY,ALFR,,param,ON,Sends <LF> after <CR> in transmitted RTTY,timewave,?,yes,?,,"fw_scan 20260728 (docs/reference/fw_scan/20260728_deviceA_13SEP95.csv; device A per operator, banner Release 13.SEP.95)",,
ALIST,AL,,mode,Immediate Command,Starts the AMTOR ARQ 'Listen' mode,timewave,?,yes,?,,"fw_scan 20260728 (docs/reference/fw_scan/20260728_deviceA_13SEP95.csv; device A per operator, banner Release 13.SEP.95)",,
ALTMODEM,ALTM,,param,0,Setting an optional 2400-Baud modem,timewave,?,yes,?,,"fw_scan 20260728 (docs/reference/fw_scan/20260728_deviceA_13SEP95.csv; device A per operator, banner Release 13.SEP.95)",,
AMTOR,AM,,mode,Immediate command,Starts the AMTOR mode in ARQ standby,timewave,?,yes,?,,"fw_scan 20260728 (docs/reference/fw_scan/20260728_deviceA_13SEP95.csv; device A per operator, banner Release 13.SEP.95)",,
ARQ,AR,,action_tx,Immediate command,Starts the AMTOR ARQ call with SELCAL,timewave,?,yes,?,,"fw_scan 20260728 (docs/reference/fw_scan/20260728_deviceA_13SEP95.csv; device A per operator, banner Release 13.SEP.95)",,
ARQE,ARQ,,mode,Immediate Command,Starts the ARQ-E receive mode,timewave,?,?,?,,,,
ARQTMO,ARQT,,param,60,Sets the AMTOR/Pactor ARQ call time-out,timewave,?,yes,?,,"fw_scan 20260728 (docs/reference/fw_scan/20260728_deviceA_13SEP95.csv; device A per operator, banner Release 13.SEP.95)",,
ARQTOL,ARQTOL,,param,3,Sets bit jitter tolerance in ARQ AMTOR,timewave,?,yes,?,,"fw_scan 20260728 (docs/reference/fw_scan/20260728_deviceA_13SEP95.csv; device A per operator, banner Release 13.SEP.95)",,source reads 'A.RQ' (OCR); corrected to 'ARQ'
ARXTOR,ARXT,,param,OFF,Enable/Disable auto-detect AMTOR/PACTOR modes,timewave,?,yes,?,,"fw_scan 20260728 (docs/reference/fw_scan/20260728_deviceA_13SEP95.csv; device A per operator, banner Release 13.SEP.95)",,
ASCII,AS,,mode,Immediate Command,Starts the ASCII RTTY mode,timewave,?,yes,?,,"fw_scan 20260728 (docs/reference/fw_scan/20260728_deviceA_13SEP95.csv; device A per operator, banner Release 13.SEP.95)",,
ASPECT,ASP,,param,2 (576),Sets the received aspect ratio in FAX,timewave,?,yes,?,,"fw_scan 20260728 (docs/reference/fw_scan/20260728_deviceA_13SEP95.csv; device A per operator, banner Release 13.SEP.95)",,
ATXRTTY,AT,,param,0,Sends MORSE/BAUDOT/ASCII auto in CONVERSE,timewave,?,yes,?,,"fw_scan 20260728 (docs/reference/fw_scan/20260728_deviceA_13SEP95.csv; device A per operator, banner Release 13.SEP.95)",,
AUDELAY,AU,,param,2 (20 msec.),Sets delay before audio is applied after PTT,timewave,?,yes,?,,"fw_scan 20260728 (docs/reference/fw_scan/20260728_deviceA_13SEP95.csv; device A per operator, banner Release 13.SEP.95)",,
AUTOBAUD,AUTOB,,param,OFF,Enables Autobaud routine at every power-on,timewave,?,yes,?,,"fw_scan 20260728 (docs/reference/fw_scan/20260728_deviceA_13SEP95.csv; device A per operator, banner Release 13.SEP.95)",,
AWLEN,AW,,param,7,Sets ASCII word length to RS-232 terminal,timewave,?,yes,?,,"fw_scan 20260728 (docs/reference/fw_scan/20260728_deviceA_13SEP95.csv; device A per operator, banner Release 13.SEP.95)",,
AX25L2V2,,,param,ON,Sets AX.25 Version 2.0 packet protocol,timewave,?,yes,?,,"fw_scan 20260728 (docs/reference/fw_scan/20260728_deviceA_13SEP95.csv; device A per operator, banner Release 13.SEP.95)",,"Timewave list reads 'Ax2512v2' (OCR); name corrected, abbreviation unclear from the source"
AXDELAY,AXD,,param,0 (zero),Sets packet Repeater key-up delay (×10 ms),timewave,?,yes,?,,"fw_scan 20260728 (docs/reference/fw_scan/20260728_deviceA_13SEP95.csv; device A per operator, banner Release 13.SEP.95)",,
AXHANG,AXH,,param,0 (zero),Sets packet Repeater hang time (×10 ms),timewave,?,yes,?,,"fw_scan 20260728 (docs/reference/fw_scan/20260728_deviceA_13SEP95.csv; device A per operator, banner Release 13.SEP.95)",,source reads 'racket' (OCR); corrected to 'packet'
BARGRAPH,,,param,,,,?,?,?,,,,"named in PK232PY (Misc mask, read-only); not in the Timewave list"
BAUDOT,BA,,mode,Immediate Command,Starts the Baudot RTTY mode,timewave,?,yes,?,,"fw_scan 20260728 (docs/reference/fw_scan/20260728_deviceA_13SEP95.csv; device A per operator, banner Release 13.SEP.95)",,
BBSMSGS,BBS,,param,OFF,Enables TAPR style status messages,timewave,?,?,?,,,,
BEACON,B,,param,Every 0,Sets the packet beacon timing (×10 seconds),timewave,?,yes,?,,"fw_scan 20260728 (docs/reference/fw_scan/20260728_deviceA_13SEP95.csv; device A per operator, banner Release 13.SEP.95)",,
BITINV,BI,,param,$00,Sets the XOR value to copy bit inverted RTTY,timewave,?,yes,?,,"fw_scan 20260728 (docs/reference/fw_scan/20260728_deviceA_13SEP95.csv; device A per operator, banner Release 13.SEP.95)",,
BKONDEL,BK,,param,ON,Sends <BS><SP><BS> for DELETE char.,timewave,?,yes,?,,"fw_scan 20260728 (docs/reference/fw_scan/20260728_deviceA_13SEP95.csv; device A per operator, banner Release 13.SEP.95)",,
BRIGHT,,,param,,,,?,?,?,,,,"named in PK232PY (Misc mask, read-only); not in the Timewave list"
BTEXT,BT,,param,(Empty),Sets the 120-byte packet BEACON message text,timewave,?,yes,?,,"fw_scan 20260728 (docs/reference/fw_scan/20260728_deviceA_13SEP95.csv; device A per operator, banner Release 13.SEP.95)",,
CALIBRATE,CAL,,danger,Immediate Command,Starts PK-232 AFSK tone calibrate mode,timewave,?,?,?,,,,source name truncated to 8 characters (CALibrat); keys the AFSK tones - never probed
CANLINE,CAN,,param,$18 <CTRL-X>,Sets the LINE DELETE character for editing,timewave,?,yes,?,,"fw_scan 20260728 (docs/reference/fw_scan/20260728_deviceA_13SEP95.csv; device A per operator, banner Release 13.SEP.95)",,
CANPAC,CANP,,param,$19 <CTRL-Y>,Sets the PACKET DELETE character for editing,timewave,?,yes,?,,"fw_scan 20260728 (docs/reference/fw_scan/20260728_deviceA_13SEP95.csv; device A per operator, banner Release 13.SEP.95)",,
CASEDISP,CAS,,param,0 (as is),Sets the display case (as is/lower/upper),timewave,?,yes,?,,"fw_scan 20260728 (docs/reference/fw_scan/20260728_deviceA_13SEP95.csv; device A per operator, banner Release 13.SEP.95)",,
CBELL,CB,,param,OFF,Enables packet and Pactor 'Connect' bell,timewave,?,yes,?,,"fw_scan 20260728 (docs/reference/fw_scan/20260728_deviceA_13SEP95.csv; device A per operator, banner Release 13.SEP.95)",,
CCITT,CCITT,,param,ON,(Use the CODE COMMAND instead!),timewave,?,yes,?,,"fw_scan 20260728 (docs/reference/fw_scan/20260728_deviceA_13SEP95.csv; device A per operator, banner Release 13.SEP.95)",,source: the function column only says to use CODE instead
CFROM,CF,,param,Empty; enter calls,Sets the Connect request/accept list,timewave,?,yes,?,,"fw_scan 20260728 (docs/reference/fw_scan/20260728_deviceA_13SEP95.csv; device A per operator, banner Release 13.SEP.95)",,
CHCALL,CHC,,param,OFF,Shows call sign after packet channel ID,timewave,?,yes,?,,"fw_scan 20260728 (docs/reference/fw_scan/20260728_deviceA_13SEP95.csv; device A per operator, banner Release 13.SEP.95)",,
CHDOUBLE,CHD,,param,OFF,Shows CHSWITCH character twice,timewave,?,yes,?,,"fw_scan 20260728 (docs/reference/fw_scan/20260728_deviceA_13SEP95.csv; device A per operator, banner Release 13.SEP.95)",,
CHECK,CH,,param,30,Sets Idle packet link time-cut (×10 seconds),timewave,?,yes,?,,"fw_scan 20260728 (docs/reference/fw_scan/20260728_deviceA_13SEP95.csv; device A per operator, banner Release 13.SEP.95)",,
CHSWITCH,CHS,,param,$00,Sets the channel-select character,timewave,?,yes,?,,"fw_scan 20260728 (docs/reference/fw_scan/20260728_deviceA_13SEP95.csv; device A per operator, banner Release 13.SEP.95)",,
CMDTIME,CM,,param,10,Sets the Transparent Mode escape time,timewave,?,yes,?,,"fw_scan 20260728 (docs/reference/fw_scan/20260728_deviceA_13SEP95.csv; device A per operator, banner Release 13.SEP.95)",,
CMSG,CMS,,param,OFF,Sends CTEXT message to packet caller,timewave,?,?,?,,,,
CODE,COD,,param,0 (international),Selects Morse/Baudot/AMTOR character sets,timewave,?,yes,?,,"fw_scan 20260728 (docs/reference/fw_scan/20260728_deviceA_13SEP95.csv; device A per operator, banner Release 13.SEP.95)",,
COMMAND,COM,,param,$03 <CTRL-C>,Sets COMMAND Mode escape character,timewave,?,yes,?,,"fw_scan 20260728 (docs/reference/fw_scan/20260728_deviceA_13SEP95.csv; device A per operator, banner Release 13.SEP.95)",,
CONMODE,CONM,,param,CONVERSE,Selects the mode used when data link starts,timewave,?,yes,?,,"fw_scan 20260728 (docs/reference/fw_scan/20260728_deviceA_13SEP95.csv; device A per operator, banner Release 13.SEP.95)",,
CONNECT,C,,action_tx,Immediate Command,Sends a packet request to <Call>,timewave,?,yes,?,,"fw_scan 20260728 (docs/reference/fw_scan/20260728_deviceA_13SEP95.csv; device A per operator, banner Release 13.SEP.95)",,
CONOK,CON,,param,,,,?,yes,?,,"fw_scan 20260728 (docs/reference/fw_scan/20260728_deviceA_13SEP95.csv; device A per operator, banner Release 13.SEP.95)",,"not in the Timewave list; named by the fw_scan hypothesis table (""legacy TAPR; use CFROM instead"")"
CONPERM,CONP,,param,OFF,Selects a permanent connection packet link,timewave,?,yes,?,,"fw_scan 20260728 (docs/reference/fw_scan/20260728_deviceA_13SEP95.csv; device A per operator, banner Release 13.SEP.95)",,
CONSTAMP,CONS,,param,OFF,Marks connections with time/date stamp,timewave,?,yes,?,,"fw_scan 20260728 (docs/reference/fw_scan/20260728_deviceA_13SEP95.csv; device A per operator, banner Release 13.SEP.95)",,
CONVERSE,CONV,,mode,Immediate Command,Enters the Converse Mode (Abbrev. K),timewave,?,yes,?,,"fw_scan 20260728 (docs/reference/fw_scan/20260728_deviceA_13SEP95.csv; device A per operator, banner Release 13.SEP.95)",,
CPACTIME,CP,,param,OFF,Uses PACTIME time-out in Converse mode,timewave,?,yes,?,,"fw_scan 20260728 (docs/reference/fw_scan/20260728_deviceA_13SEP95.csv; device A per operator, banner Release 13.SEP.95)",,
CRADD,CRA,,param,OFF,Sends <CR><CR><LF> in RTTY Mode,timewave,?,yes,?,,"fw_scan 20260728 (docs/reference/fw_scan/20260728_deviceA_13SEP95.csv; device A per operator, banner Release 13.SEP.95)",,
CSTATUS,CS,,immediate,Immediate command,Shows status of channels (links),timewave,?,yes,?,,"fw_scan 20260728 (docs/reference/fw_scan/20260728_deviceA_13SEP95.csv; device A per operator, banner Release 13.SEP.95)",,
CTEXT,CT,,param,(Sample Text),Sets 120-byte packet CONNECT message text,timewave,?,?,?,,,,
CUSTOM,CU,,param,$0A15,(Use the UBIT command instead!),timewave,?,yes,?,,"fw_scan 20260728 (docs/reference/fw_scan/20260728_deviceA_13SEP95.csv; device A per operator, banner Release 13.SEP.95)",,source: the function column only says to use UBIT instead
CWID,CW,,param,$06 <CTRL-F>,Sets the command to send CWID in RTTY modes,timewave,?,yes,?,,"fw_scan 20260728 (docs/reference/fw_scan/20260728_deviceA_13SEP95.csv; device A per operator, banner Release 13.SEP.95)",,
DAYSTAMP,DAYS,,param,OFF,Includes DATE in time-stamp,timewave,?,yes,?,,"fw_scan 20260728 (docs/reference/fw_scan/20260728_deviceA_13SEP95.csv; device A per operator, banner Release 13.SEP.95)",,PK232PY mask label is DAGSTAMP (config dagstamp); the command sent is DAYSTAMP
DAYTIME,DA,,param,None,Set or read the internal time-of-day clock,timewave,?,yes,?,,"fw_scan 20260728 (docs/reference/fw_scan/20260728_deviceA_13SEP95.csv; device A per operator, banner Release 13.SEP.95)",,
DCDCONN,DC,,param,OFF,Sets RS-232 Pin 8 to follow DCD or Connect,timewave,?,yes,?,,"fw_scan 20260728 (docs/reference/fw_scan/20260728_deviceA_13SEP95.csv; device A per operator, banner Release 13.SEP.95)",,
DELETE,DEL,,param,OFF,"Uses DEL ($7F), not <BS> ($08) to erase",timewave,?,?,?,,,,
DFROM,DF,,param,Empty; enter calls,Sets the digipeat yes or no call sign list,timewave,?,yes,?,,"fw_scan 20260728 (docs/reference/fw_scan/20260728_deviceA_13SEP95.csv; device A per operator, banner Release 13.SEP.95)",,
DIDDLE,DID,,param,ON,Transmits idle characters in Baudot and ASCII,timewave,?,yes,?,,"fw_scan 20260728 (docs/reference/fw_scan/20260728_deviceA_13SEP95.csv; device A per operator, banner Release 13.SEP.95)",,
DIGIPEAT,DG,,param,,,,?,yes,?,,"fw_scan 20260728 (docs/reference/fw_scan/20260728_deviceA_13SEP95.csv; device A per operator, banner Release 13.SEP.95)",,"not in the Timewave list; named by the fw_scan hypothesis table (""TAPR-compat digipeat toggle"")"
DISCONNECT,D,,action_tx,Immediate Command,Sends packet DISC request to distant station,timewave,?,yes,?,,"fw_scan 20260728 (docs/reference/fw_scan/20260728_deviceA_13SEP95.csv; device A per operator, banner Release 13.SEP.95)",,source name truncated to 8 characters (Disconne)
DISPLAY,DISP,,immediate,Immediate Command,Shows the PK-232 parameters and classes,timewave,?,yes,?,,"fw_scan 20260728 (docs/reference/fw_scan/20260728_deviceA_13SEP95.csv; device A per operator, banner Release 13.SEP.95)",,
DWAIT,DW,,param,16,Sets the delay for digipeated packets,timewave,?,yes,?,,"fw_scan 20260728 (docs/reference/fw_scan/20260728_deviceA_13SEP95.csv; device A per operator, banner Release 13.SEP.95)",,
EAS,EAS,,param,OFF,"Echoes characters as sent, non-packet modes",timewave,?,yes,?,,"fw_scan 20260728 (docs/reference/fw_scan/20260728_deviceA_13SEP95.csv; device A per operator, banner Release 13.SEP.95)",,
ECHO,E,,param,ON,Echoes typed keyboard characters,timewave,?,yes,?,,"fw_scan 20260728 (docs/reference/fw_scan/20260728_deviceA_13SEP95.csv; device A per operator, banner Release 13.SEP.95)",,
ERRCHAR,ER,,param,$5F (_),Sets AMTOR/Morse displayed error Character,timewave,?,yes,?,,"fw_scan 20260728 (docs/reference/fw_scan/20260728_deviceA_13SEP95.csv; device A per operator, banner Release 13.SEP.95)",,
ESCAPE,ES,,param,OFF,Sends ESC character $lB to display as $24,timewave,?,yes,?,,"fw_scan 20260728 (docs/reference/fw_scan/20260728_deviceA_13SEP95.csv; device A per operator, banner Release 13.SEP.95)",,
EXPERT,EXP,,param,OFF,ON/OFF verbose mode controller commands,timewave,?,yes,?,,"fw_scan 20260728 (docs/reference/fw_scan/20260728_deviceA_13SEP95.csv; device A per operator, banner Release 13.SEP.95)",,
FAX,FA,,mode,Immediate command,Enters the facsimile mode,timewave,?,yes,?,,"fw_scan 20260728 (docs/reference/fw_scan/20260728_deviceA_13SEP95.csv; device A per operator, banner Release 13.SEP.95)",,
FAXNEG,FAXN,,param,OFF,Reverses the black/white FAX sense,timewave,?,yes,?,,"fw_scan 20260728 (docs/reference/fw_scan/20260728_deviceA_13SEP95.csv; device A per operator, banner Release 13.SEP.95)",,
FEC,FE,,action_tx,Immediate command,Starts an AMTOR FEC transmission,timewave,?,yes,?,,"fw_scan 20260728 (docs/reference/fw_scan/20260728_deviceA_13SEP95.csv; device A per operator, banner Release 13.SEP.95)",,
FLOW,F,,param,ON,stops displaying received data while typing,timewave,?,yes,?,,"fw_scan 20260728 (docs/reference/fw_scan/20260728_deviceA_13SEP95.csv; device A per operator, banner Release 13.SEP.95)",,
FRACK,FR,,param,5,Sets time (×1 Sec) to wait for packet ACK,timewave,?,yes,?,,"fw_scan 20260728 (docs/reference/fw_scan/20260728_deviceA_13SEP95.csv; device A per operator, banner Release 13.SEP.95)",,
FREE,FRE,,immediate,Immediate Command,Displays available memory for MailDrop,timewave,?,?,?,,,,
FRICK,FRI,,param,0,Sets timer for packet meteor scatter mode,timewave,?,yes,?,,"fw_scan 20260728 (docs/reference/fw_scan/20260728_deviceA_13SEP95.csv; device A per operator, banner Release 13.SEP.95)",,
FSPEED,FS,,param,2,Sets the FAX horizontal scan rate per second,timewave,?,yes,?,,"fw_scan 20260728 (docs/reference/fw_scan/20260728_deviceA_13SEP95.csv; device A per operator, banner Release 13.SEP.95)",,
FULLDUP,FU,,param,OFF,Enables Full-Duplex packet operation,timewave,?,yes,?,,"fw_scan 20260728 (docs/reference/fw_scan/20260728_deviceA_13SEP95.csv; device A per operator, banner Release 13.SEP.95)",,
GRAPHICS,GR,,param,1 (960 dots),Sets the dot density used for FAX operation,timewave,?,yes,?,,"fw_scan 20260728 (docs/reference/fw_scan/20260728_deviceA_13SEP95.csv; device A per operator, banner Release 13.SEP.95)",,
GUSERS,GU,,param,0,Sets the maximum users allowed to use your node,timewave,?,?,?,,,,
HBAUD,HB,,param,1200 bauds,Sets the Packet-Radio link baud rate,timewave,?,yes,?,,"fw_scan 20260728 (docs/reference/fw_scan/20260728_deviceA_13SEP95.csv; device A per operator, banner Release 13.SEP.95)",,
HEADERLN,HEA,,param,ON,Inserts <CR> after monitored packet headers,timewave,?,yes,?,,"fw_scan 20260728 (docs/reference/fw_scan/20260728_deviceA_13SEP95.csv; device A per operator, banner Release 13.SEP.95)",,
HELP,H,,immediate,None,Shows a brief HELP text on screen,timewave,?,yes,?,,"fw_scan 20260728 (docs/reference/fw_scan/20260728_deviceA_13SEP95.csv; device A per operator, banner Release 13.SEP.95)",,
HEREIS,HER,,param,$02 <CTRL-B>,Sets the character that sends your AAB text,timewave,?,?,?,,,,
HID,HI,,param,OFF,Sends HDLC ID UI packet every 9.5 minutes,timewave,?,yes,?,,"fw_scan 20260728 (docs/reference/fw_scan/20260728_deviceA_13SEP95.csv; device A per operator, banner Release 13.SEP.95)",,
HOMEBBS,HOM,,param,None,Sets callsign of the BBS for forwarding,timewave,?,?,?,,,,
HOST,HOST,,param,OFF,Enables HOST computer interface,timewave,?,yes,?,,"fw_scan 20260728 (docs/reference/fw_scan/20260728_deviceA_13SEP95.csv; device A per operator, banner Release 13.SEP.95)",,
HOSTKEY,HY,,param,,,,?,yes,?,,"fw_scan 20260728 (docs/reference/fw_scan/20260728_deviceA_13SEP95.csv; device A per operator, banner Release 13.SEP.95)",,"not in the Timewave list; named by the fw_scan hypothesis table (""host-mode key"")"
HPOLL,HP,,param,ON,Sets Host polling be used in Host interface,timewave,?,yes,?,,"fw_scan 20260728 (docs/reference/fw_scan/20260728_deviceA_13SEP95.csv; device A per operator, banner Release 13.SEP.95)",,
ID,I,,action_tx,Immediate command,"Sends an ID in Baudot, ASCII AMTOR and Packet",timewave,?,yes,?,,"fw_scan 20260728 (docs/reference/fw_scan/20260728_deviceA_13SEP95.csv; device A per operator, banner Release 13.SEP.95)",,
ILFPACK,IL,,param,ON,Ignores line feeds from terminal in Packet,timewave,?,yes,?,,"fw_scan 20260728 (docs/reference/fw_scan/20260728_deviceA_13SEP95.csv; device A per operator, banner Release 13.SEP.95)",,
IO,IO,,param,none,A hex value used to access the PK-232s memory,timewave,?,yes,?,,"fw_scan 20260728 (docs/reference/fw_scan/20260728_deviceA_13SEP95.csv; device A per operator, banner Release 13.SEP.95)",,
JUSTIFY,J,,immediate,Immediate command,"Moves received FAX left a number × 0.5""",timewave,?,yes,?,,"fw_scan 20260728 (docs/reference/fw_scan/20260728_deviceA_13SEP95.csv; device A per operator, banner Release 13.SEP.95)",,
K,K,,mode,Immediate command,Enters the Converse mode (same as CONVerse),timewave,?,?,?,,,,same as CONVERSE
KILONFWD,KILONFWD,,param,ON,Kills messages after reverse forwarding,timewave,?,?,?,,,,
KISS,KI,,param,0 (OFF),Starts the KISS INC host protocol,timewave,?,yes,?,,"fw_scan 20260728 (docs/reference/fw_scan/20260728_deviceA_13SEP95.csv; device A per operator, banner Release 13.SEP.95)",,KISS ON enters KISS mode
KISSADDR,KISSA,,param,0,Sets the Address used in extended KISS mode,timewave,?,yes,?,,"fw_scan 20260728 (docs/reference/fw_scan/20260728_deviceA_13SEP95.csv; device A per operator, banner Release 13.SEP.95)",,
LASTMSG,LA,,immediate,Immediate Command,Sets/shows the Last maildrop message number,timewave,?,?,?,,,,
LEFTRITE,LE,,param,ON,Sets left-to-right Scan direction for FAX,timewave,?,yes,?,,"fw_scan 20260728 (docs/reference/fw_scan/20260728_deviceA_13SEP95.csv; device A per operator, banner Release 13.SEP.95)",,
LITE,LI,,param,OFF,Enables Timewave's Packet Lite HP protocol,timewave,?,yes,?,,"fw_scan 20260728 (docs/reference/fw_scan/20260728_deviceA_13SEP95.csv; device A per operator, banner Release 13.SEP.95)",,
LOCK,L,,immediate,Immediate Command,Locks Morse speed/ forces lower case in RTTY,timewave,?,yes,?,,"fw_scan 20260728 (docs/reference/fw_scan/20260728_deviceA_13SEP95.csv; device A per operator, banner Release 13.SEP.95)",,
MAILDROP,MA,,param,OFF,Enables the Packet MailDrop for remote users,timewave,?,?,?,,,,
MARK,,,param,,,,?,?,?,,,,"named in PK232PY (Misc mask, tone frequency); not in the Timewave list"
MARSDISP,MAR,,param,OFF,Translates received LTRS & FIGS characters,timewave,?,yes,?,,"fw_scan 20260728 (docs/reference/fw_scan/20260728_deviceA_13SEP95.csv; device A per operator, banner Release 13.SEP.95)",,
MAXFRAME,MA,,param,4,Sets a maximum of un-ACK'd packet frames,timewave,?,yes,?,,"fw_scan 20260728 (docs/reference/fw_scan/20260728_deviceA_13SEP95.csv; device A per operator, banner Release 13.SEP.95)",,
MBELL,MBE,,param,OFF,Rings bell when packet station heard,timewave,?,?,?,,,,
MBX,MBX,,param,"none, (calls)",Monitors packet channel without headers,timewave,?,?,?,,,,
MCON,MC,,param,0,Monitors packets while connected (0–6),timewave,?,yes,?,,"fw_scan 20260728 (docs/reference/fw_scan/20260728_deviceA_13SEP95.csv; device A per operator, banner Release 13.SEP.95)",,
MDCHECK,MDC,,danger,Immediate Command,Allows you to check into your own MailDrop,timewave,?,?,?,,,,"logs into the mailbox and halts packet operation - never auto (gotchas, P37)"
MDIGI,MD,,param,OFF,Monitors packet frames that you digipeat,timewave,?,?,?,,,,
MDMON,MDM,,param,OFF,Monitors stations using your MailDrop,timewave,?,?,?,,,,
MDPROMPT,MDP,,param,(see text),Sets an 80 character MailDrop message prompt,timewave,?,?,?,,,,
MEMORY,ME,,danger,none,A hex value used to access the PK-232s memory,timewave,?,?,?,,,,
MFILTER,MFI,,param,$80,Filters received ASCII characters,timewave,?,?,?,,,,
MFROM,MF,,param,ALL (calls),Monitors packets FROM other packet stations,timewave,?,yes,?,,"fw_scan 20260728 (docs/reference/fw_scan/20260728_deviceA_13SEP95.csv; device A per operator, banner Release 13.SEP.95)",,
MHEARD,MH,,immediate,Immediate Command,Displays call packet signs heard,timewave,?,yes,?,,"fw_scan 20260728 (docs/reference/fw_scan/20260728_deviceA_13SEP95.csv; device A per operator, banner Release 13.SEP.95)",,
MID,MI,,param,0,Enables a Morse ID to be sent in packet,timewave,?,?,?,,,,
MMSG,MM,,param,OFF,Enables the MailDrop sign on message,timewave,?,?,?,,,,
MODEM,,,param,,,,?,?,?,,,,named in PK232PY (Misc mask); not in the Timewave list
MONITOR,M,,param,4 (UA DM C D I UI),Sets the packet Monitor mode level (0–6),timewave,?,yes,?,,"fw_scan 20260728 (docs/reference/fw_scan/20260728_deviceA_13SEP95.csv; device A per operator, banner Release 13.SEP.95)",,
MOPTT,MOP,,param,OFF,Controls PTT output in Morse mode only,timewave,?,yes,?,,"fw_scan 20260728 (docs/reference/fw_scan/20260728_deviceA_13SEP95.csv; device A per operator, banner Release 13.SEP.95)",,PK232PY sends the abbreviation MOPT (params_uploader.py); the mask label is MOPT
MORSE,MO,,mode,Immediate Command,"Starts the Morse mode, unlock speed",timewave,?,yes,?,,"fw_scan 20260728 (docs/reference/fw_scan/20260728_deviceA_13SEP95.csv; device A per operator, banner Release 13.SEP.95)",,
MPROTO,MP,,param,OFF,Enables monitoring of all packet protocols,timewave,?,?,?,,,,
MRPT,MR,,param,ON,Shows digipeaters in packet headers,timewave,?,yes,?,,"fw_scan 20260728 (docs/reference/fw_scan/20260728_deviceA_13SEP95.csv; device A per operator, banner Release 13.SEP.95)",,
MSPEED,MSP,,param,20,Sets the Morse speed in WPM (5-99),timewave,?,yes,?,,"fw_scan 20260728 (docs/reference/fw_scan/20260728_deviceA_13SEP95.csv; device A per operator, banner Release 13.SEP.95)",,
MSTAMP,MS,,param,OFF,Time-stamps monitored packet frames,timewave,?,?,?,,,,
MTEXT,MTE,,param,(see text),Sets a 120 character MailDrop sign-on message,timewave,?,?,?,,,,
MTO,MT,,param,Empty; enter calls,Monitors packets TO other station callsigns,timewave,?,yes,?,,"fw_scan 20260728 (docs/reference/fw_scan/20260728_deviceA_13SEP95.csv; device A per operator, banner Release 13.SEP.95)",,
MWEIGHT,MW,,param,10,Sets the Morse transmit dot weighting,timewave,?,yes,?,,"fw_scan 20260728 (docs/reference/fw_scan/20260728_deviceA_13SEP95.csv; device A per operator, banner Release 13.SEP.95)",,
MXMIT,MX,,param,OFF,Monitors transmitted packet frames,timewave,?,?,?,,,,
MYALIAS,MYA,,param,None; enter yours,Sets the alternate MYCALL for digipeating,timewave,?,?,?,,,,source runs default and text together ('None Enter yours Sets ...')
MYALTCAL,MYALT,,param,Empty; enter yours,Sets the alternate AMTOR SELCAL,timewave,?,yes,?,,"fw_scan 20260728 (docs/reference/fw_scan/20260728_deviceA_13SEP95.csv; device A per operator, banner Release 13.SEP.95)",,
MYCALL,MY,,param,PK232; enter yours,Sets YOUR packet call sign (MUST BE ENTERED),timewave,?,yes,?,,"fw_scan 20260728 (docs/reference/fw_scan/20260728_deviceA_13SEP95.csv; device A per operator, banner Release 13.SEP.95)",,
MYGATE,MYG,,param,none,Node callsign used by other stations,timewave,?,?,?,,,,
MYIDENT,MYI,,param,None; enter yours,Sets your CCIR-625 7-character AMTOR SELCAL,timewave,?,?,?,,,,
MYMAIL,MYM,,param,None; enter yours,Sets your Packet MailDrop callsign,timewave,?,?,?,,,,
MYPTCALL,MYPT,,param,None; enter yours,Sets your Pactor callsign,timewave,?,?,?,,,,
MYSELCAL,MYS,,param,Empty; enter yours,"Sets your AMTOR SELCAL, 4 letters",timewave,?,yes,?,,"fw_scan 20260728 (docs/reference/fw_scan/20260728_deviceA_13SEP95.csv; device A per operator, banner Release 13.SEP.95)",,
NAVMSG,NAVM,,param,ALL,Determines which NAVTEX messages you monitor,timewave,?,yes,?,,"fw_scan 20260728 (docs/reference/fw_scan/20260728_deviceA_13SEP95.csv; device A per operator, banner Release 13.SEP.95)",,
NAVSTN,NAVS,,param,ALL,Determines which NAVTEX stations you monitor,timewave,?,yes,?,,"fw_scan 20260728 (docs/reference/fw_scan/20260728_deviceA_13SEP95.csv; device A per operator, banner Release 13.SEP.95)",,
NAVTEX,NA,,mode,Immediate Command,Starts the NAVTEX/AMTEX receive mode,timewave,?,yes,?,,"fw_scan 20260728 (docs/reference/fw_scan/20260728_deviceA_13SEP95.csv; device A per operator, banner Release 13.SEP.95)",,
NEWMODE,NE,,param,ON,Returns to Command mode at disconnect,timewave,?,?,?,,,,
NOMODE,NO,,param,OFF,Sets NO mode changes (eg. cmd: to CONVERSE),timewave,?,?,?,,,,
NUCR,NUC,,param,OFF,Sends Nulls to terminal after <CR>,timewave,?,yes,?,,"fw_scan 20260728 (docs/reference/fw_scan/20260728_deviceA_13SEP95.csv; device A per operator, banner Release 13.SEP.95)",,
NULF,NUL,,param,OFF,Sends Nulls to terminal after <LF>,timewave,?,yes,?,,"fw_scan 20260728 (docs/reference/fw_scan/20260728_deviceA_13SEP95.csv; device A per operator, banner Release 13.SEP.95)",,
NULLS,NULL,,param,0,Sets the number of for NUCR and NULF,timewave,?,yes,?,,"fw_scan 20260728 (docs/reference/fw_scan/20260728_deviceA_13SEP95.csv; device A per operator, banner Release 13.SEP.95)",,source text incomplete ('the number of for NUCR and NULF')
NUMS,N,,immediate,Immediate Command,"Forces FIGS case in Baudot, AMTOR and TDM",timewave,?,yes,?,,"fw_scan 20260728 (docs/reference/fw_scan/20260728_deviceA_13SEP95.csv; device A per operator, banner Release 13.SEP.95)",,
OK,OK,,immediate,Immediate Command,Transfers to mode after Signal Identification,timewave,?,yes,?,,"fw_scan 20260728 (docs/reference/fw_scan/20260728_deviceA_13SEP95.csv; device A per operator, banner Release 13.SEP.95)",,
OPMODE,O,,immediate,Immediate Command,Displays current PK-232 operating mode,timewave,?,yes,?,,"fw_scan 20260728 (docs/reference/fw_scan/20260728_deviceA_13SEP95.csv; device A per operator, banner Release 13.SEP.95)",,
OVER,OV,,action_tx,Immediate Command,Reverses the link direction in AMTOR and PACTOR,timewave,?,yes,?,,"fw_scan 20260728 (docs/reference/fw_scan/20260728_deviceA_13SEP95.csv; device A per operator, banner Release 13.SEP.95)",,
PACKET,PA,,mode,Immediate Command,Starts the Packet Mode,timewave,?,yes,?,,"fw_scan 20260728 (docs/reference/fw_scan/20260728_deviceA_13SEP95.csv; device A per operator, banner Release 13.SEP.95)",,
PACLEN,PACL,,param,128,Sets the number user data bytes in a packet,timewave,?,yes,?,,"fw_scan 20260728 (docs/reference/fw_scan/20260728_deviceA_13SEP95.csv; device A per operator, banner Release 13.SEP.95)",,
PACTIME,PACT,,param,AFTER 10,Sets the Packet automatic transmit timer,timewave,?,yes,?,,"fw_scan 20260728 (docs/reference/fw_scan/20260728_deviceA_13SEP95.csv; device A per operator, banner Release 13.SEP.95)",,
PACTOR,PACT,,mode,Immediate Command,Enters the Pactor mode (PT for short),timewave,?,?,?,,,,
PARITY,PAR,,param,3 (even),Sets the terminal program parity (0-3),timewave,?,yes,?,,"fw_scan 20260728 (docs/reference/fw_scan/20260728_deviceA_13SEP95.csv; device A per operator, banner Release 13.SEP.95)",,
PASS,PAS,,param,$16 <CTRL-V>,Sets the converse mode pass character,timewave,?,yes,?,,"fw_scan 20260728 (docs/reference/fw_scan/20260728_deviceA_13SEP95.csv; device A per operator, banner Release 13.SEP.95)",,
PASSALL,PASSA,,param,OFF,Ignores CRC in receiving packets (Junk mode),timewave,?,yes,?,,"fw_scan 20260728 (docs/reference/fw_scan/20260728_deviceA_13SEP95.csv; device A per operator, banner Release 13.SEP.95)",,
PERSIST,PE,,param,63,Sets the P-persistent CSMA threshold,timewave,?,yes,?,,"fw_scan 20260728 (docs/reference/fw_scan/20260728_deviceA_13SEP95.csv; device A per operator, banner Release 13.SEP.95)",,
PK,PK,,param,none,A hex value used to access the PK-232s memory,timewave,?,?,?,,,,
PPERSIST,PP,,param,014,Selects P-persistent CSMA operation,timewave,?,yes,?,,"fw_scan 20260728 (docs/reference/fw_scan/20260728_deviceA_13SEP95.csv; device A per operator, banner Release 13.SEP.95)",,
PRCON,PRC,,param,OFF,Enables a parallel printer you have connected,timewave,?,yes,?,,"fw_scan 20260728 (docs/reference/fw_scan/20260728_deviceA_13SEP95.csv; device A per operator, banner Release 13.SEP.95)",,
PRFAX,PRF,,param,ON,Prints received FAX to parallel printer,timewave,?,yes,?,,"fw_scan 20260728 (docs/reference/fw_scan/20260728_deviceA_13SEP95.csv; device A per operator, banner Release 13.SEP.95)",,source reads 'PAX' (OCR); corrected to 'FAX'
PROUT,PRO,,param,OFF,Sends all received data to parallel printer,timewave,?,yes,?,,"fw_scan 20260728 (docs/reference/fw_scan/20260728_deviceA_13SEP95.csv; device A per operator, banner Release 13.SEP.95)",,
PRTYPE,PRT,,param,2 (Epson),Sets the graphics emulation for FAX printing,timewave,?,yes,?,,"fw_scan 20260728 (docs/reference/fw_scan/20260728_deviceA_13SEP95.csv; device A per operator, banner Release 13.SEP.95)",,
PT200,PT200,,param,ON,Allows 200 bauds for Pactor if link is good,timewave,?,?,?,,,,
PTCONN,PTC,,action_tx,Immediate Command,Starts a Pactor connect with (CALLSIGN),timewave,?,?,?,,,,
PTDOWN,,,param,,,,?,?,?,,,,"named in PK232PY (PACTOR mask, config); not in the Timewave list"
PTHUFF,PTH,,param,0,Selects Pactor data compression (0 = OFF),timewave,?,?,?,,,,
PTLIST,PTL,,mode,Immediate Command,Starts the Pactor Listen mode,timewave,?,?,?,,,,
PTOVER,PTO,,param,$1A <CTRL-Z>,Sets the Pactor link direction change character,timewave,?,?,?,,,,
PTROUND,PTR,,param,OFF,Returns the TNC to the PACTOR-Standby mode or not,timewave,?,?,?,,,,
PTSEND,PTS,,action_tx,Immediate Command,Starts the Pactor unproto send mode (call CQ),timewave,?,?,?,,,,
PTSUM,,,param,,,,?,?,?,,,,"named in PK232PY (PACTOR mask, config); not in the Timewave list"
PTTRIES,,,param,,,,?,?,?,,,,"named in PK232PY (PACTOR mask, config); not in the Timewave list"
PTUP,,,param,,,,?,?,?,,,,"named in PK232PY (PACTOR mask, config); not in the Timewave list"
QHPACKET,,,param,,,,?,?,?,,,,read-only field of a PK232PY mask; whether a command of this name exists is unmeasured
QMORSE,,,param,,,,?,?,?,,,,read-only field of a PK232PY mask; whether a command of this name exists is unmeasured
QPTOR,,,param,,,,?,?,?,,,,read-only field of a PK232PY mask; whether a command of this name exists is unmeasured
QRTTY,,,param,,,,?,?,?,,,,read-only field of a PK232PY mask; whether a command of this name exists is unmeasured
QTDM,,,param,,,,?,?,?,,,,read-only field of a PK232PY mask; whether a command of this name exists is unmeasured
QTOR,,,param,,,,?,?,?,,,,read-only field of a PK232PY mask; whether a command of this name exists is unmeasured
QVPACKET,,,param,,,,?,?,?,,,,read-only field of a PK232PY mask; whether a command of this name exists is unmeasured
QWIDE,,,param,,,,?,?,?,,,,read-only field of a PK232PY mask; whether a command of this name exists is unmeasured
RADIO,RA,,param,1,???,timewave,?,?,?,,,,source gives only '???' as the function
RAWHDLC,RAW,,param,OFF,Starts Raw HDLC mode,timewave,?,yes,?,,"fw_scan 20260728 (docs/reference/fw_scan/20260728_deviceA_13SEP95.csv; device A per operator, banner Release 13.SEP.95)",,
RBAUD,RB,,param,45 bauds (60 WPM),Sets the Baudot RTTY baud rate selection,timewave,?,yes,?,,"fw_scan 20260728 (docs/reference/fw_scan/20260728_deviceA_13SEP95.csv; device A per operator, banner Release 13.SEP.95)",,
RCVE,R,,mode,Immediate Command,Selects the receive mode Morse/RTTY/AMTOR,timewave,?,yes,?,,"fw_scan 20260728 (docs/reference/fw_scan/20260728_deviceA_13SEP95.csv; device A per operator, banner Release 13.SEP.95)",,
RECEIVE,REC,,param,$04 <CTRL-D>,Selects the Receive character used in text,timewave,?,?,?,,,,
REDISPLAY,RED,,param,$12 <CTRL-R>,Re-displays current terminal input buffer,timewave,?,yes,?,,"fw_scan 20260728 (docs/reference/fw_scan/20260728_deviceA_13SEP95.csv; device A per operator, banner Release 13.SEP.95)",,source name truncated to 8 characters (REDispla); the PK232PY mask label is REDISPLA
REINIT,REINIT,,danger,Immediate Command,Re-initializes most of the commands to their default,timewave,?,?,?,,,,
RELINK,REL,,param,OFF,Re-connects after link fails due to retries,timewave,?,yes,?,,"fw_scan 20260728 (docs/reference/fw_scan/20260728_deviceA_13SEP95.csv; device A per operator, banner Release 13.SEP.95)",,
RESET,RESET,,danger,Immediate Command,RESETs PK-232 and bbRAM to factory defaults,timewave,?,?,?,,,,
RESPTIME,RES,,param,0,Sets the minimum delay before sending an ACK,timewave,?,yes,?,,"fw_scan 20260728 (docs/reference/fw_scan/20260728_deviceA_13SEP95.csv; device A per operator, banner Release 13.SEP.95)",,
RESTART,RESTART,,danger,Immediate Command,"Restarts PK-232, same as turning power off/on",timewave,?,?,?,,,,
RETRY,RE,,param,10,Sets the maximum number of packet repeats,timewave,?,yes,?,,"fw_scan 20260728 (docs/reference/fw_scan/20260728_deviceA_13SEP95.csv; device A per operator, banner Release 13.SEP.95)",,
RFEC,RF,,param,ON,Receives FEC in AMTOR Standby,timewave,?,yes,?,,"fw_scan 20260728 (docs/reference/fw_scan/20260728_deviceA_13SEP95.csv; device A per operator, banner Release 13.SEP.95)",,
RFRAME,RFR,,param,OFF,Checks RTTY characters for framing errors,timewave,?,yes,?,,"fw_scan 20260728 (docs/reference/fw_scan/20260728_deviceA_13SEP95.csv; device A per operator, banner Release 13.SEP.95)",,
RXREV,RXR,,param,OFF,Reverses the received data mark-space sense,timewave,?,yes,?,,"fw_scan 20260728 (docs/reference/fw_scan/20260728_deviceA_13SEP95.csv; device A per operator, banner Release 13.SEP.95)",,
SAMPLE,SA,,mode,Immediate Command,Enters the raw data sampling mode,timewave,?,yes,?,,"fw_scan 20260728 (docs/reference/fw_scan/20260728_deviceA_13SEP95.csv; device A per operator, banner Release 13.SEP.95)",,
SELFEC,SEL,,action_tx,Immediate Command,Starts a selective FEC call with SELCAL,timewave,?,yes,?,,"fw_scan 20260728 (docs/reference/fw_scan/20260728_deviceA_13SEP95.csv; device A per operator, banner Release 13.SEP.95)",,
SENDPAC,SE,,param,$0D <CTRL-M>,"Sets the converse mode ""Send packet"" character",timewave,?,yes,?,,"fw_scan 20260728 (docs/reference/fw_scan/20260728_deviceA_13SEP95.csv; device A per operator, banner Release 13.SEP.95)",,
SIGNAL,SI,,mode,Immediate Command,Starts the Signal Identification mode,timewave,?,yes,?,,"fw_scan 20260728 (docs/reference/fw_scan/20260728_deviceA_13SEP95.csv; device A per operator, banner Release 13.SEP.95)",,
SLOTTIME,SL,,param,30,Sets the P-persistent CSMA slot time,timewave,?,yes,?,,"fw_scan 20260728 (docs/reference/fw_scan/20260728_deviceA_13SEP95.csv; device A per operator, banner Release 13.SEP.95)",,
SPACE,,,param,,,,?,?,?,,,,"named in PK232PY (Misc mask, tone frequency); not in the Timewave list"
SQUELCH,SQ,,param,OFF,Sets the receiver squelch carrier polarity,timewave,?,yes,?,,"fw_scan 20260728 (docs/reference/fw_scan/20260728_deviceA_13SEP95.csv; device A per operator, banner Release 13.SEP.95)",,
SRXALL,SRX,,param,OFF,Allows reception of ALL received SELFEC calls,timewave,?,yes,?,,"fw_scan 20260728 (docs/reference/fw_scan/20260728_deviceA_13SEP95.csv; device A per operator, banner Release 13.SEP.95)",,
START,STA,,param,$11 <CTRL-Q>,Sets character to start sending terminal data,timewave,?,yes,?,,"fw_scan 20260728 (docs/reference/fw_scan/20260728_deviceA_13SEP95.csv; device A per operator, banner Release 13.SEP.95)",,
STOP,STO,,param,$13 <CTRL-S>,Sets character to stop sending terminal data,timewave,?,yes,?,,"fw_scan 20260728 (docs/reference/fw_scan/20260728_deviceA_13SEP95.csv; device A per operator, banner Release 13.SEP.95)",,source reads 'sendina' (OCR); corrected to 'sending'
TBAUD,TB,,param,1200 bauds,Sets the ASCII terminal data rate,timewave,?,yes,?,,"fw_scan 20260728 (docs/reference/fw_scan/20260728_deviceA_13SEP95.csv; device A per operator, banner Release 13.SEP.95)",,
TCLEAR,TC,,immediate,Immediate Command,Clears the transmit Buffer (Non-Packet modes),timewave,?,yes,?,,"fw_scan 20260728 (docs/reference/fw_scan/20260728_deviceA_13SEP95.csv; device A per operator, banner Release 13.SEP.95)",,
TDBAUD,TDB,,param,96,Sets the receive data rate for TDM signals,timewave,?,yes,?,,"fw_scan 20260728 (docs/reference/fw_scan/20260728_deviceA_13SEP95.csv; device A per operator, banner Release 13.SEP.95)",,
TDCHAN,TDC,,param,0,Sets the receive channel for TDM signals,timewave,?,yes,?,,"fw_scan 20260728 (docs/reference/fw_scan/20260728_deviceA_13SEP95.csv; device A per operator, banner Release 13.SEP.95)",,
TDM,TD,,mode,Immediate Command,Enters the TDM receive mode,timewave,?,yes,?,,"fw_scan 20260728 (docs/reference/fw_scan/20260728_deviceA_13SEP95.csv; device A per operator, banner Release 13.SEP.95)",,
THRESHOLD,,,param,,,,?,?,?,,,,"named in PK232PY (Misc mask, read-only); not in the Timewave list"
TIME,TI,,param,$14 <CTRL-T>,Inserts the time (in DAYTIME) in text,timewave,?,yes,?,,"fw_scan 20260728 (docs/reference/fw_scan/20260728_deviceA_13SEP95.csv; device A per operator, banner Release 13.SEP.95)",,source reads 'S14' (OCR); corrected to '$14'
TMAIL,TM,,param,OFF,Enables AMTOR and Pactor Maildrop,timewave,?,?,?,,,,
TMPROMPT,TMP,,param,(see text),Sets an 80 character AMTOR Maildrop Message,timewave,?,?,?,,,,
TRACE,TRAC,,param,OFF,Enables a Hex dump of received data,timewave,?,yes,?,,"fw_scan 20260728 (docs/reference/fw_scan/20260728_deviceA_13SEP95.csv; device A per operator, banner Release 13.SEP.95)",,
TRANS,T,,danger,Immediate Command,Enters the Transparent data mode,timewave,?,?,?,,,,leaves the command mode - never auto (CLAUDE.md rule 8)
TRFLOW,TRF,,param,OFF,Enables software flow control RX in Trans.,timewave,?,expert,?,,"operator 2026-07-28 terminal (XFLOW ON, TRFLOW OFF after EXPERT ON); the scan answered ERROR because it had probed TRANS before (fw_scan 20260728)",,
TRIES,TRI,,param,0 (zero),Displays or forces packet retry counter,timewave,?,yes,?,,"fw_scan 20260728 (docs/reference/fw_scan/20260728_deviceA_13SEP95.csv; device A per operator, banner Release 13.SEP.95)",,
TXDELAY,TX,,param,30,Sets the PTT key-to-data delay (×10 ms),timewave,?,yes,?,,"fw_scan 20260728 (docs/reference/fw_scan/20260728_deviceA_13SEP95.csv; device A per operator, banner Release 13.SEP.95)",,
TXFLOW,TXF,,param,OFF,Enables software flow control TX in Trans.,timewave,?,yes,?,,"fw_scan 20260728 (docs/reference/fw_scan/20260728_deviceA_13SEP95.csv; device A per operator, banner Release 13.SEP.95)",,
TXREV,TX,,param,OFF,Reverses transmitted mark-space data sense,timewave,?,yes,?,,"fw_scan 20260728 (docs/reference/fw_scan/20260728_deviceA_13SEP95.csv; device A per operator, banner Release 13.SEP.95)",,
TXSMT,,,param,,,,?,?,?,,,,"named in PK232PY (Packet mask, disabled); P13: not in the TRM Host Mode list, probably another AEA product"
UBIT,UB,,param,0,Controls seldom used ON/OFF commands,timewave,?,?,?,,,,
UCMD,UC,,param,0,Controls seldom used numeric commands,timewave,?,?,?,,,,
UNPROTO,U,,param,CQ,Sets the UI packet frame sending Path/address,timewave,?,yes,?,,"fw_scan 20260728 (docs/reference/fw_scan/20260728_deviceA_13SEP95.csv; device A per operator, banner Release 13.SEP.95)",,
USERS,US,,param,1,Sets allowed number of packet multi-connects,timewave,?,?,?,,,,
USOS,USO,,param,OFF,Sets RTTY 'unshift on space',timewave,?,yes,?,,"fw_scan 20260728 (docs/reference/fw_scan/20260728_deviceA_13SEP95.csv; device A per operator, banner Release 13.SEP.95)",,
VHF,V,,param,ON,Selects VHF Packet - wide (1000 Hz) shift,timewave,?,yes,?,,"fw_scan 20260728 (docs/reference/fw_scan/20260728_deviceA_13SEP95.csv; device A per operator, banner Release 13.SEP.95)",,
WHYNOT,WHY,,param,OFF,Displays reason why packet not displayed,timewave,?,yes,?,,"fw_scan 20260728 (docs/reference/fw_scan/20260728_deviceA_13SEP95.csv; device A per operator, banner Release 13.SEP.95)",,
WIDESHFT,WI,,param,OFF,Selects RTTY wide or narrow (200 Hz) shift,timewave,?,yes,?,,"fw_scan 20260728 (docs/reference/fw_scan/20260728_deviceA_13SEP95.csv; device A per operator, banner Release 13.SEP.95)",,
WORDOUT,WO,,param,OFF,Sets Word output in RTTY/AMTOR/Pactor modes,timewave,?,yes,?,,"fw_scan 20260728 (docs/reference/fw_scan/20260728_deviceA_13SEP95.csv; device A per operator, banner Release 13.SEP.95)",,
WRU,WR,,param,OFF,Enables auto-answerback (AAB) in RTTY/ASCII,timewave,?,yes,?,,"fw_scan 20260728 (docs/reference/fw_scan/20260728_deviceA_13SEP95.csv; device A per operator, banner Release 13.SEP.95)",,
XBAUD,XB,,param,0,Sets 8530 baud rate to receive Baudot/ASCII,timewave,?,yes,?,,"fw_scan 20260728 (docs/reference/fw_scan/20260728_deviceA_13SEP95.csv; device A per operator, banner Release 13.SEP.95)",,
XFLOW,XF,,param,ON,Sets Software (XON/XOFF) RS-232 flow control,timewave,?,expert,?,,"operator 2026-07-28 terminal (XFLOW ON, TRFLOW OFF after EXPERT ON); the scan answered ERROR because it had probed TRANS before (fw_scan 20260728)",,
XGATEWAY,,,param,,,,?,?,?,,,,named in PK232PY (PACTOR mask); not in the Timewave list
XLENGTH,,,param,,,,?,?,?,,,,named in PK232PY (AMTOR and Baudot masks); not in the Timewave list
XMIT,X,,action_tx,Immediate Command,Starts sending Baudot/Morse/FAX transmission,timewave,?,yes,?,,"fw_scan 20260728 (docs/reference/fw_scan/20260728_deviceA_13SEP95.csv; device A per operator, banner Release 13.SEP.95)",,
XMITOK,XMITO,,param,ON,Allows transmitter PTT line to be keyed,timewave,?,?,?,,,,
XOFF,XO,,param,$13 <CTRL-S>,Sets character to stop sending received data,timewave,?,?,?,,,,
XON,XON,,param,$11 <CTRL-Q>,Sets character to start sending received data,timewave,?,?,?,,,,
ZFREE,ZF,,immediate,Immediate Command,Returns number of blocks of available memory,timewave,?,?,?,,,,
ZSTATUS,ZS,,immediate,Immediate Command,Returns status of several internal parameters,timewave,?,?,?,,,,
