release,device,date,name,group,kind,result,matrix,note
30.DEC.88,C,2026-10-06,ACKPRIOR,packet,param,UNSUPPORTED,?,
30.DEC.88,C,2026-10-06,ACRPACK,packet,param,SUPPORTED,?,
30.DEC.88,C,2026-10-06,ALFPACK,packet,param,SUPPORTED,?,
30.DEC.88,C,2026-10-06,AX25L2V2,packet,param,SUPPORTED,?,
30.DEC.88,C,2026-10-06,AXDELAY,packet,param,SUPPORTED,?,
30.DEC.88,C,2026-10-06,AXHANG,packet,param,SUPPORTED,?,
30.DEC.88,C,2026-10-06,BEACON,packet,param,SUPPORTED,?,
30.DEC.88,C,2026-10-06,BTEXT,packet,param,SUPPORTED,?,
30.DEC.88,C,2026-10-06,CANPAC,packet,param,SUPPORTED,?,
30.DEC.88,C,2026-10-06,CASEDISP,packet,param,SUPPORTED,?,
30.DEC.88,C,2026-10-06,CFROM,packet,param,SUPPORTED,?,
30.DEC.88,C,2026-10-06,CHCALL,packet,param,SUPPORTED,?,
30.DEC.88,C,2026-10-06,CHDOUBLE,packet,param,SUPPORTED,?,
30.DEC.88,C,2026-10-06,CHECK,packet,param,SUPPORTED,?,
30.DEC.88,C,2026-10-06,CHSWITCH,packet,param,SUPPORTED,?,
30.DEC.88,C,2026-10-06,CONMODE,packet,param,SUPPORTED,?,
30.DEC.88,C,2026-10-06,CONOK,packet,param,SUPPORTED,?,
30.DEC.88,C,2026-10-06,CONPERM,packet,param,SUPPORTED,?,
30.DEC.88,C,2026-10-06,CONSTAMP,packet,param,SUPPORTED,?,
30.DEC.88,C,2026-10-06,CPACTIME,packet,param,SUPPORTED,?,
30.DEC.88,C,2026-10-06,DFROM,packet,param,SUPPORTED,?,
30.DEC.88,C,2026-10-06,DIGIPEAT,packet,param,SUPPORTED,?,
30.DEC.88,C,2026-10-06,DWAIT,packet,param,SUPPORTED,?,
30.DEC.88,C,2026-10-06,FRACK,packet,param,SUPPORTED,?,
30.DEC.88,C,2026-10-06,FULLDUP,packet,param,SUPPORTED,?,
30.DEC.88,C,2026-10-06,HBAUD,packet,param,SUPPORTED,?,
30.DEC.88,C,2026-10-06,HEADERLN,packet,param,SUPPORTED,?,
30.DEC.88,C,2026-10-06,HID,packet,param,SUPPORTED,?,
30.DEC.88,C,2026-10-06,HPOLL,packet,param,SUPPORTED,?,
30.DEC.88,C,2026-10-06,ILFPACK,packet,param,SUPPORTED,?,
30.DEC.88,C,2026-10-06,KISS,packet,param,SUPPORTED,?,
30.DEC.88,C,2026-10-06,KISSADDR,packet,param,UNSUPPORTED,?,
30.DEC.88,C,2026-10-06,MAXFRAME,packet,param,SUPPORTED,?,
30.DEC.88,C,2026-10-06,MCON,packet,param,SUPPORTED,?,
30.DEC.88,C,2026-10-06,MFROM,packet,param,SUPPORTED,?,
30.DEC.88,C,2026-10-06,MONITOR,packet,param,SUPPORTED,?,
30.DEC.88,C,2026-10-06,MRPT,packet,param,SUPPORTED,?,
30.DEC.88,C,2026-10-06,MTO,packet,param,SUPPORTED,?,
30.DEC.88,C,2026-10-06,MYCALL,packet,param,SUPPORTED,?,
30.DEC.88,C,2026-10-06,PACLEN,packet,param,SUPPORTED,?,
30.DEC.88,C,2026-10-06,PACTIME,packet,param,SUPPORTED,?,
30.DEC.88,C,2026-10-06,PASSALL,packet,param,SUPPORTED,?,
30.DEC.88,C,2026-10-06,PERSIST,packet,param,SUPPORTED,?,
30.DEC.88,C,2026-10-06,PPERSIST,packet,param,SUPPORTED,?,
30.DEC.88,C,2026-10-06,RAWHDLC,packet,param,SUPPORTED,?,
30.DEC.88,C,2026-10-06,RELINK,packet,param,SUPPORTED,?,
30.DEC.88,C,2026-10-06,RESPTIME,packet,param,SUPPORTED,?,
30.DEC.88,C,2026-10-06,RETRY,packet,param,SUPPORTED,?,
30.DEC.88,C,2026-10-06,RFRAME,packet,param,UNSUPPORTED,?,
30.DEC.88,C,2026-10-06,SENDPAC,packet,param,SUPPORTED,?,
30.DEC.88,C,2026-10-06,SLOTTIME,packet,param,SUPPORTED,?,
30.DEC.88,C,2026-10-06,SQUELCH,packet,param,SUPPORTED,?,
30.DEC.88,C,2026-10-06,TRIES,packet,param,SUPPORTED,?,
30.DEC.88,C,2026-10-06,TXFLOW,packet,param,SUPPORTED,?,
30.DEC.88,C,2026-10-06,UNPROTO,packet,param,SUPPORTED,?,
30.DEC.88,C,2026-10-06,VHF,packet,param,SUPPORTED,?,
30.DEC.88,C,2026-10-06,WHYNOT,packet,param,SUPPORTED,?,
30.DEC.88,C,2026-10-06,8BITCONV,rtty,param,SUPPORTED,?,
30.DEC.88,C,2026-10-06,ABAUD,rtty,param,SUPPORTED,?,
30.DEC.88,C,2026-10-06,ACRRTTY,rtty,param,SUPPORTED,?,
30.DEC.88,C,2026-10-06,ALFRTTY,rtty,param,SUPPORTED,?,
30.DEC.88,C,2026-10-06,BITINV,rtty,param,SUPPORTED,?,
30.DEC.88,C,2026-10-06,CCITT,rtty,param,SUPPORTED,?,
30.DEC.88,C,2026-10-06,CRADD,rtty,param,SUPPORTED,?,
30.DEC.88,C,2026-10-06,DIDDLE,rtty,param,SUPPORTED,?,
30.DEC.88,C,2026-10-06,PASS,rtty,param,SUPPORTED,?,
30.DEC.88,C,2026-10-06,RBAUD,rtty,param,SUPPORTED,?,
30.DEC.88,C,2026-10-06,TXDELAY,rtty,param,SUPPORTED,?,
30.DEC.88,C,2026-10-06,USOS,rtty,param,SUPPORTED,?,
30.DEC.88,C,2026-10-06,WIDESHFT,rtty,param,SUPPORTED,?,
30.DEC.88,C,2026-10-06,WRU,rtty,param,SUPPORTED,?,
30.DEC.88,C,2026-10-06,XBAUD,rtty,param,UNSUPPORTED,?,
30.DEC.88,C,2026-10-06,AAB,amtor,param,SUPPORTED,?,
30.DEC.88,C,2026-10-06,ADELAY,amtor,param,SUPPORTED,?,
30.DEC.88,C,2026-10-06,ARQTMO,amtor,param,SUPPORTED,?,
30.DEC.88,C,2026-10-06,ARQTOL,amtor,param,UNSUPPORTED,?,
30.DEC.88,C,2026-10-06,ARXTOR,amtor,param,UNSUPPORTED,?,
30.DEC.88,C,2026-10-06,ATXRTTY,amtor,param,UNSUPPORTED,?,
30.DEC.88,C,2026-10-06,CBELL,amtor,param,SUPPORTED,?,
30.DEC.88,C,2026-10-06,DCDCONN,amtor,param,SUPPORTED,?,
30.DEC.88,C,2026-10-06,EAS,amtor,param,SUPPORTED,?,
30.DEC.88,C,2026-10-06,MARSDISP,amtor,param,SUPPORTED,?,
30.DEC.88,C,2026-10-06,MYALTCAL,amtor,param,SUPPORTED,?,
30.DEC.88,C,2026-10-06,MYSELCAL,amtor,param,SUPPORTED,?,
30.DEC.88,C,2026-10-06,RFEC,amtor,param,SUPPORTED,?,
30.DEC.88,C,2026-10-06,RXREV,amtor,param,SUPPORTED,?,
30.DEC.88,C,2026-10-06,SRXALL,amtor,param,SUPPORTED,?,
30.DEC.88,C,2026-10-06,TXREV,amtor,param,SUPPORTED,?,
30.DEC.88,C,2026-10-06,WORDOUT,amtor,param,SUPPORTED,?,
30.DEC.88,C,2026-10-06,MSPEED,morse,param,SUPPORTED,?,
30.DEC.88,C,2026-10-06,MWEIGHT,morse,param,SUPPORTED,?,
30.DEC.88,C,2026-10-06,ASPECT,fax,param,SUPPORTED,?,
30.DEC.88,C,2026-10-06,AUDELAY,fax,param,SUPPORTED,?,
30.DEC.88,C,2026-10-06,CWID,fax,param,SUPPORTED,?,
30.DEC.88,C,2026-10-06,FAXNEG,fax,param,SUPPORTED,?,
30.DEC.88,C,2026-10-06,FSPEED,fax,param,SUPPORTED,?,
30.DEC.88,C,2026-10-06,GRAPHICS,fax,param,SUPPORTED,?,
30.DEC.88,C,2026-10-06,LEFTRITE,fax,param,SUPPORTED,?,
30.DEC.88,C,2026-10-06,PRFAX,fax,param,SUPPORTED,?,
30.DEC.88,C,2026-10-06,PRTYPE,fax,param,SUPPORTED,?,
30.DEC.88,C,2026-10-06,TRACE,fax,param,SUPPORTED,?,
30.DEC.88,C,2026-10-06,ERRCHAR,navtex,param,UNSUPPORTED,?,
30.DEC.88,C,2026-10-06,NAVMSG,navtex,param,SUPPORTED,?,
30.DEC.88,C,2026-10-06,NAVSTN,navtex,param,SUPPORTED,?,
30.DEC.88,C,2026-10-06,ALTMODEM,signal,param,UNSUPPORTED,?,
30.DEC.88,C,2026-10-06,CODE,signal,param,SUPPORTED,?,
30.DEC.88,C,2026-10-06,CUSTOM,signal,param,SUPPORTED,?,
30.DEC.88,C,2026-10-06,TDBAUD,signal,param,UNSUPPORTED,?,
30.DEC.88,C,2026-10-06,TDCHAN,signal,param,UNSUPPORTED,?,
30.DEC.88,C,2026-10-06,ACRDISP,global,param,SUPPORTED,?,
30.DEC.88,C,2026-10-06,ADDRESS,global,param,SUPPORTED,?,
30.DEC.88,C,2026-10-06,AFILTER,global,param,SUPPORTED,?,
30.DEC.88,C,2026-10-06,ALFDISP,global,param,SUPPORTED,?,
30.DEC.88,C,2026-10-06,AUTOBAUD,global,param,UNSUPPORTED,?,
30.DEC.88,C,2026-10-06,AWLEN,global,param,SUPPORTED,?,
30.DEC.88,C,2026-10-06,BKONDEL,global,param,SUPPORTED,?,
30.DEC.88,C,2026-10-06,CANLINE,global,param,SUPPORTED,?,
30.DEC.88,C,2026-10-06,CMDTIME,global,param,SUPPORTED,?,
30.DEC.88,C,2026-10-06,COMMAND,global,param,SUPPORTED,?,
30.DEC.88,C,2026-10-06,DAYSTAMP,global,param,SUPPORTED,?,
30.DEC.88,C,2026-10-06,DAYTIME,global,param,SUPPORTED,?,
30.DEC.88,C,2026-10-06,ECHO,global,param,SUPPORTED,?,
30.DEC.88,C,2026-10-06,ESCAPE,global,param,SUPPORTED,?,
30.DEC.88,C,2026-10-06,EXPERT,global,param,UNSUPPORTED,?,
30.DEC.88,C,2026-10-06,FLOW,global,param,SUPPORTED,?,
30.DEC.88,C,2026-10-06,FRICK,global,param,UNSUPPORTED,?,
30.DEC.88,C,2026-10-06,HOST,global,param,SUPPORTED,?,
30.DEC.88,C,2026-10-06,HOSTKEY,global,param,UNSUPPORTED,?,
30.DEC.88,C,2026-10-06,IO,global,param,SUPPORTED,?,
30.DEC.88,C,2026-10-06,LITE,global,param,UNSUPPORTED,?,
30.DEC.88,C,2026-10-06,MOPTT,global,param,UNSUPPORTED,?,
30.DEC.88,C,2026-10-06,NUCR,global,param,SUPPORTED,?,
30.DEC.88,C,2026-10-06,NULF,global,param,SUPPORTED,?,
30.DEC.88,C,2026-10-06,NULLS,global,param,SUPPORTED,?,
30.DEC.88,C,2026-10-06,PARITY,global,param,SUPPORTED,?,
30.DEC.88,C,2026-10-06,PRCON,global,param,SUPPORTED,?,
30.DEC.88,C,2026-10-06,PROUT,global,param,SUPPORTED,?,
30.DEC.88,C,2026-10-06,REDISPLAY,global,param,SUPPORTED,?,
30.DEC.88,C,2026-10-06,START,global,param,SUPPORTED,?,
30.DEC.88,C,2026-10-06,STOP,global,param,SUPPORTED,?,
30.DEC.88,C,2026-10-06,TBAUD,global,param,SUPPORTED,?,
30.DEC.88,C,2026-10-06,TIME,global,param,SUPPORTED,?,
30.DEC.88,C,2026-10-06,TRFLOW,global,param,SUPPORTED,?,
30.DEC.88,C,2026-10-06,XFLOW,global,param,SUPPORTED,?,
30.DEC.88,C,2026-10-06,XMITOK,global,param,SUPPORTED,?,
30.DEC.88,C,2026-10-06,XOFF,global,param,SUPPORTED,?,
30.DEC.88,C,2026-10-06,XON,global,param,SUPPORTED,?,
30.DEC.88,C,2026-10-06,3RDPARTY,maildrop,param,UNSUPPORTED,?,
30.DEC.88,C,2026-10-06,BBSMSGS,maildrop,param,SUPPORTED,?,
30.DEC.88,C,2026-10-06,CMSG,maildrop,param,SUPPORTED,?,
30.DEC.88,C,2026-10-06,CTEXT,maildrop,param,SUPPORTED,?,
30.DEC.88,C,2026-10-06,DELETE,maildrop,param,SUPPORTED,?,
30.DEC.88,C,2026-10-06,HEREIS,maildrop,param,UNSUPPORTED,?,
30.DEC.88,C,2026-10-06,HOMEBBS,maildrop,param,UNSUPPORTED,?,
30.DEC.88,C,2026-10-06,KILONFWD,maildrop,param,UNSUPPORTED,?,
30.DEC.88,C,2026-10-06,MAILDROP,maildrop,param,UNSUPPORTED,no,
30.DEC.88,C,2026-10-06,MBELL,maildrop,param,SUPPORTED,?,
30.DEC.88,C,2026-10-06,MBX,maildrop,param,SUPPORTED,?,
30.DEC.88,C,2026-10-06,MDIGI,maildrop,param,SUPPORTED,?,
30.DEC.88,C,2026-10-06,MDMON,maildrop,param,UNSUPPORTED,?,
30.DEC.88,C,2026-10-06,MDPROMPT,maildrop,param,UNSUPPORTED,?,
30.DEC.88,C,2026-10-06,MID,maildrop,param,SUPPORTED,?,
30.DEC.88,C,2026-10-06,MMSG,maildrop,param,UNSUPPORTED,?,
30.DEC.88,C,2026-10-06,MPROTO,maildrop,param,SUPPORTED,?,
30.DEC.88,C,2026-10-06,MSTAMP,maildrop,param,SUPPORTED,?,
30.DEC.88,C,2026-10-06,MTEXT,maildrop,param,UNSUPPORTED,?,
30.DEC.88,C,2026-10-06,MXMIT,maildrop,param,UNSUPPORTED,?,
30.DEC.88,C,2026-10-06,MYALIAS,maildrop,param,SUPPORTED,?,
30.DEC.88,C,2026-10-06,MYGATE,maildrop,param,UNSUPPORTED,?,
30.DEC.88,C,2026-10-06,MYIDENT,maildrop,param,UNSUPPORTED,?,
30.DEC.88,C,2026-10-06,MYMAIL,maildrop,param,UNSUPPORTED,?,
30.DEC.88,C,2026-10-06,NOMODE,maildrop,param,SUPPORTED,?,
30.DEC.88,C,2026-10-06,TMAIL,maildrop,param,UNSUPPORTED,?,
30.DEC.88,C,2026-10-06,TMPROMPT,maildrop,param,UNSUPPORTED,?,
30.DEC.88,C,2026-10-06,UBIT,maildrop,param,UNSUPPORTED,?,
30.DEC.88,C,2026-10-06,USERS,maildrop,param,SUPPORTED,?,
30.DEC.88,C,2026-10-06,MFILTER,pactor,param,SUPPORTED,?,
30.DEC.88,C,2026-10-06,MYPTCALL,pactor,param,UNSUPPORTED,?,
30.DEC.88,C,2026-10-06,NEWMODE,pactor,param,SUPPORTED,?,
30.DEC.88,C,2026-10-06,PT200,pactor,param,UNSUPPORTED,?,
30.DEC.88,C,2026-10-06,PTDOWN,pactor,param,UNSUPPORTED,?,
30.DEC.88,C,2026-10-06,PTHUFF,pactor,param,UNSUPPORTED,?,
30.DEC.88,C,2026-10-06,PTOVER,pactor,param,UNSUPPORTED,?,
30.DEC.88,C,2026-10-06,PTROUND,pactor,param,UNSUPPORTED,?,
30.DEC.88,C,2026-10-06,PTUP,pactor,param,UNSUPPORTED,?,
30.DEC.88,C,2026-10-06,UCMD,pactor,param,UNSUPPORTED,?,
30.DEC.88,C,2026-10-06,GUSERS,gps,param,UNSUPPORTED,?,
30.DEC.88,C,2026-10-06,RECEIVE,misc,param,SUPPORTED,?,
30.DEC.88,C,2026-10-06,BARGRAPH,other,param,UNSUPPORTED,?,
30.DEC.88,C,2026-10-06,BRIGHT,other,param,UNSUPPORTED,?,
30.DEC.88,C,2026-10-06,MARK,other,param,UNSUPPORTED,?,
30.DEC.88,C,2026-10-06,MODEM,other,param,UNSUPPORTED,?,
30.DEC.88,C,2026-10-06,PK,other,param,UNSUPPORTED,?,
30.DEC.88,C,2026-10-06,PTSUM,other,param,UNSUPPORTED,?,
30.DEC.88,C,2026-10-06,PTTRIES,other,param,UNSUPPORTED,?,
30.DEC.88,C,2026-10-06,QHPACKET,other,param,UNSUPPORTED,?,
30.DEC.88,C,2026-10-06,QMORSE,other,param,UNSUPPORTED,?,
30.DEC.88,C,2026-10-06,QPTOR,other,param,UNSUPPORTED,?,
30.DEC.88,C,2026-10-06,QRTTY,other,param,UNSUPPORTED,?,
30.DEC.88,C,2026-10-06,QTDM,other,param,UNSUPPORTED,?,
30.DEC.88,C,2026-10-06,QTOR,other,param,UNSUPPORTED,?,
30.DEC.88,C,2026-10-06,QVPACKET,other,param,UNSUPPORTED,?,
30.DEC.88,C,2026-10-06,QWIDE,other,param,UNSUPPORTED,?,
30.DEC.88,C,2026-10-06,RADIO,other,param,UNSUPPORTED,?,
30.DEC.88,C,2026-10-06,SPACE,other,param,UNSUPPORTED,?,
30.DEC.88,C,2026-10-06,THRESHOLD,other,param,UNSUPPORTED,?,
30.DEC.88,C,2026-10-06,TXSMT,other,param,UNSUPPORTED,?,
30.DEC.88,C,2026-10-06,XGATEWAY,other,param,UNSUPPORTED,?,
30.DEC.88,C,2026-10-06,XLENGTH,other,param,UNSUPPORTED,?,
