release,device,date,name,group,kind,result,matrix,note,effect,recovery,raw
30.DEC.88,C,2026-10-06,ACKPRIOR,packet,param,UNSUPPORTED,no,,,,
30.DEC.88,C,2026-10-06,ACRPACK,packet,param,SUPPORTED,yes,,,,
30.DEC.88,C,2026-10-06,ALFPACK,packet,param,SUPPORTED,yes,,,,
30.DEC.88,C,2026-10-06,AX25L2V2,packet,param,SUPPORTED,yes,,,,
30.DEC.88,C,2026-10-06,AXDELAY,packet,param,SUPPORTED,yes,,,,
30.DEC.88,C,2026-10-06,AXHANG,packet,param,SUPPORTED,yes,,,,
30.DEC.88,C,2026-10-06,BEACON,packet,param,SUPPORTED,yes,,,,
30.DEC.88,C,2026-10-06,BTEXT,packet,param,SUPPORTED,yes,,,,
30.DEC.88,C,2026-10-06,CANPAC,packet,param,SUPPORTED,yes,,,,
30.DEC.88,C,2026-10-06,CASEDISP,packet,param,SUPPORTED,yes,,,,
30.DEC.88,C,2026-10-06,CFROM,packet,param,SUPPORTED,yes,,,,
30.DEC.88,C,2026-10-06,CHCALL,packet,param,SUPPORTED,yes,,,,
30.DEC.88,C,2026-10-06,CHDOUBLE,packet,param,SUPPORTED,yes,,,,
30.DEC.88,C,2026-10-06,CHECK,packet,param,SUPPORTED,yes,,,,
30.DEC.88,C,2026-10-06,CHSWITCH,packet,param,SUPPORTED,yes,,,,
30.DEC.88,C,2026-10-06,CONMODE,packet,param,SUPPORTED,yes,,,,
30.DEC.88,C,2026-10-06,CONOK,packet,param,SUPPORTED,yes,,,,
30.DEC.88,C,2026-10-06,CONPERM,packet,param,SUPPORTED,yes,,,,
30.DEC.88,C,2026-10-06,CONSTAMP,packet,param,SUPPORTED,yes,,,,
30.DEC.88,C,2026-10-06,CPACTIME,packet,param,SUPPORTED,yes,,,,
30.DEC.88,C,2026-10-06,CSTATUS,packet,immediate,SUPPORTED,?,,,,
30.DEC.88,C,2026-10-06,DFROM,packet,param,SUPPORTED,yes,,,,
30.DEC.88,C,2026-10-06,DIGIPEAT,packet,param,SUPPORTED,yes,,,,
30.DEC.88,C,2026-10-06,DWAIT,packet,param,SUPPORTED,yes,,,,
30.DEC.88,C,2026-10-06,FRACK,packet,param,SUPPORTED,yes,,,,
30.DEC.88,C,2026-10-06,FULLDUP,packet,param,SUPPORTED,yes,,,,
30.DEC.88,C,2026-10-06,HBAUD,packet,param,SUPPORTED,yes,,,,
30.DEC.88,C,2026-10-06,HEADERLN,packet,param,SUPPORTED,yes,,,,
30.DEC.88,C,2026-10-06,HID,packet,param,SUPPORTED,yes,,,,
30.DEC.88,C,2026-10-06,HPOLL,packet,param,SUPPORTED,yes,,,,
30.DEC.88,C,2026-10-06,ILFPACK,packet,param,SUPPORTED,yes,,,,
30.DEC.88,C,2026-10-06,KISS,packet,param,SUPPORTED,yes,,,,
30.DEC.88,C,2026-10-06,KISSADDR,packet,param,UNSUPPORTED,no,,,,
30.DEC.88,C,2026-10-06,MAXFRAME,packet,param,SUPPORTED,yes,,,,
30.DEC.88,C,2026-10-06,MCON,packet,param,SUPPORTED,yes,,,,
30.DEC.88,C,2026-10-06,MFROM,packet,param,SUPPORTED,yes,,,,
30.DEC.88,C,2026-10-06,MHEARD,packet,immediate,SUPPORTED,?,,,,
30.DEC.88,C,2026-10-06,MONITOR,packet,param,SUPPORTED,yes,,,,
30.DEC.88,C,2026-10-06,MRPT,packet,param,SUPPORTED,yes,,,,
30.DEC.88,C,2026-10-06,MTO,packet,param,SUPPORTED,yes,,,,
30.DEC.88,C,2026-10-06,MYCALL,packet,param,SUPPORTED,yes,,,,
30.DEC.88,C,2026-10-06,PACLEN,packet,param,SUPPORTED,yes,,,,
30.DEC.88,C,2026-10-06,PACTIME,packet,param,SUPPORTED,yes,,,,
30.DEC.88,C,2026-10-06,PASSALL,packet,param,SUPPORTED,yes,,,,
30.DEC.88,C,2026-10-06,PERSIST,packet,param,SUPPORTED,yes,,,,
30.DEC.88,C,2026-10-06,PPERSIST,packet,param,SUPPORTED,yes,,,,
30.DEC.88,C,2026-10-06,RAWHDLC,packet,param,SUPPORTED,yes,,,,
30.DEC.88,C,2026-10-06,RELINK,packet,param,SUPPORTED,yes,,,,
30.DEC.88,C,2026-10-06,RESPTIME,packet,param,SUPPORTED,yes,,,,
30.DEC.88,C,2026-10-06,RETRY,packet,param,SUPPORTED,yes,,,,
30.DEC.88,C,2026-10-06,RFRAME,packet,param,UNSUPPORTED,no,,,,
30.DEC.88,C,2026-10-06,SENDPAC,packet,param,SUPPORTED,yes,,,,
30.DEC.88,C,2026-10-06,SLOTTIME,packet,param,SUPPORTED,yes,,,,
30.DEC.88,C,2026-10-06,SQUELCH,packet,param,SUPPORTED,yes,,,,
30.DEC.88,C,2026-10-06,TRIES,packet,param,SUPPORTED,yes,,,,
30.DEC.88,C,2026-10-06,TXFLOW,packet,param,SUPPORTED,yes,,,,
30.DEC.88,C,2026-10-06,UNPROTO,packet,param,SUPPORTED,yes,,,,
30.DEC.88,C,2026-10-06,VHF,packet,param,SUPPORTED,yes,,,,
30.DEC.88,C,2026-10-06,WHYNOT,packet,param,SUPPORTED,yes,,,,
30.DEC.88,C,2026-10-06,8BITCONV,rtty,param,SUPPORTED,yes,,,,
30.DEC.88,C,2026-10-06,ABAUD,rtty,param,SUPPORTED,yes,,,,
30.DEC.88,C,2026-10-06,ACRRTTY,rtty,param,SUPPORTED,yes,,,,
30.DEC.88,C,2026-10-06,ALFRTTY,rtty,param,SUPPORTED,yes,,,,
30.DEC.88,C,2026-10-06,BITINV,rtty,param,SUPPORTED,yes,,,,
30.DEC.88,C,2026-10-06,CCITT,rtty,param,SUPPORTED,yes,,,,
30.DEC.88,C,2026-10-06,CRADD,rtty,param,SUPPORTED,yes,,,,
30.DEC.88,C,2026-10-06,DIDDLE,rtty,param,SUPPORTED,yes,,,,
30.DEC.88,C,2026-10-06,PASS,rtty,param,SUPPORTED,yes,,,,
30.DEC.88,C,2026-10-06,RBAUD,rtty,param,SUPPORTED,yes,,,,
30.DEC.88,C,2026-10-06,TXDELAY,rtty,param,SUPPORTED,yes,,,,
30.DEC.88,C,2026-10-06,USOS,rtty,param,SUPPORTED,yes,,,,
30.DEC.88,C,2026-10-06,WIDESHFT,rtty,param,SUPPORTED,yes,,,,
30.DEC.88,C,2026-10-06,WRU,rtty,param,SUPPORTED,yes,,,,
30.DEC.88,C,2026-10-06,XBAUD,rtty,param,UNSUPPORTED,no,,,,
30.DEC.88,C,2026-10-06,AAB,amtor,param,SUPPORTED,yes,,,,
30.DEC.88,C,2026-10-06,ADELAY,amtor,param,SUPPORTED,yes,,,,
30.DEC.88,C,2026-10-06,ARQTMO,amtor,param,SUPPORTED,yes,,,,
30.DEC.88,C,2026-10-06,ARQTOL,amtor,param,UNSUPPORTED,no,,,,
30.DEC.88,C,2026-10-06,ARXTOR,amtor,param,UNSUPPORTED,no,,,,
30.DEC.88,C,2026-10-06,ATXRTTY,amtor,param,UNSUPPORTED,no,,,,
30.DEC.88,C,2026-10-06,CBELL,amtor,param,SUPPORTED,yes,,,,
30.DEC.88,C,2026-10-06,DCDCONN,amtor,param,SUPPORTED,yes,,,,
30.DEC.88,C,2026-10-06,EAS,amtor,param,SUPPORTED,yes,,,,
30.DEC.88,C,2026-10-06,MARSDISP,amtor,param,SUPPORTED,yes,,,,
30.DEC.88,C,2026-10-06,MYALTCAL,amtor,param,SUPPORTED,yes,,,,
30.DEC.88,C,2026-10-06,MYSELCAL,amtor,param,SUPPORTED,yes,,,,
30.DEC.88,C,2026-10-06,RFEC,amtor,param,SUPPORTED,yes,,,,
30.DEC.88,C,2026-10-06,RXREV,amtor,param,SUPPORTED,yes,,,,
30.DEC.88,C,2026-10-06,SRXALL,amtor,param,SUPPORTED,yes,,,,
30.DEC.88,C,2026-10-06,TXREV,amtor,param,SUPPORTED,yes,,,,
30.DEC.88,C,2026-10-06,WORDOUT,amtor,param,SUPPORTED,yes,,,,
30.DEC.88,C,2026-10-06,MSPEED,morse,param,SUPPORTED,yes,,,,
30.DEC.88,C,2026-10-06,MWEIGHT,morse,param,SUPPORTED,yes,,,,
30.DEC.88,C,2026-10-06,ASPECT,fax,param,SUPPORTED,yes,,,,
30.DEC.88,C,2026-10-06,AUDELAY,fax,param,SUPPORTED,yes,,,,
30.DEC.88,C,2026-10-06,CWID,fax,param,SUPPORTED,yes,,,,
30.DEC.88,C,2026-10-06,FAXNEG,fax,param,SUPPORTED,yes,,,,
30.DEC.88,C,2026-10-06,FSPEED,fax,param,SUPPORTED,yes,,,,
30.DEC.88,C,2026-10-06,GRAPHICS,fax,param,SUPPORTED,yes,,,,
30.DEC.88,C,2026-10-06,JUSTIFY,fax,immediate,SUPPORTED,?,,,,
30.DEC.88,C,2026-10-06,LEFTRITE,fax,param,SUPPORTED,yes,,,,
30.DEC.88,C,2026-10-06,LOCK,fax,immediate,SUPPORTED,?,,,,
30.DEC.88,C,2026-10-06,PRFAX,fax,param,SUPPORTED,yes,,,,
30.DEC.88,C,2026-10-06,PRTYPE,fax,param,SUPPORTED,yes,,,,
30.DEC.88,C,2026-10-06,TRACE,fax,param,SUPPORTED,yes,,,,
30.DEC.88,C,2026-10-06,ERRCHAR,navtex,param,UNSUPPORTED,no,,,,
30.DEC.88,C,2026-10-06,NAVMSG,navtex,param,SUPPORTED,yes,,,,
30.DEC.88,C,2026-10-06,NAVSTN,navtex,param,SUPPORTED,yes,,,,
30.DEC.88,C,2026-10-06,ALTMODEM,signal,param,UNSUPPORTED,no,,,,
30.DEC.88,C,2026-10-06,CODE,signal,param,SUPPORTED,yes,,,,
30.DEC.88,C,2026-10-06,CUSTOM,signal,param,SUPPORTED,yes,,,,
30.DEC.88,C,2026-10-06,NUMS,signal,immediate,SUPPORTED,?,,,,
30.DEC.88,C,2026-10-06,OK,signal,immediate,SUPPORTED,?,,,,
30.DEC.88,C,2026-10-06,TDBAUD,signal,param,UNSUPPORTED,no,,,,
30.DEC.88,C,2026-10-06,TDCHAN,signal,param,UNSUPPORTED,no,,,,
30.DEC.88,C,2026-10-06,ACRDISP,global,param,SUPPORTED,yes,,,,
30.DEC.88,C,2026-10-06,ADDRESS,global,param,SUPPORTED,yes,,,,
30.DEC.88,C,2026-10-06,AFILTER,global,param,SUPPORTED,yes,,,,
30.DEC.88,C,2026-10-06,ALFDISP,global,param,SUPPORTED,yes,,,,
30.DEC.88,C,2026-10-06,AUTOBAUD,global,param,UNSUPPORTED,no,,,,
30.DEC.88,C,2026-10-06,AWLEN,global,param,SUPPORTED,yes,,,,
30.DEC.88,C,2026-10-06,BKONDEL,global,param,SUPPORTED,yes,,,,
30.DEC.88,C,2026-10-06,CANLINE,global,param,SUPPORTED,yes,,,,
30.DEC.88,C,2026-10-06,CMDTIME,global,param,SUPPORTED,yes,,,,
30.DEC.88,C,2026-10-06,COMMAND,global,param,SUPPORTED,yes,,,,
30.DEC.88,C,2026-10-06,DAYSTAMP,global,param,SUPPORTED,yes,,,,
30.DEC.88,C,2026-10-06,DAYTIME,global,param,SUPPORTED,yes,,,,
30.DEC.88,C,2026-10-06,DISPLAY,global,immediate,SUPPORTED,?,,,,
30.DEC.88,C,2026-10-06,ECHO,global,param,SUPPORTED,yes,,,,
30.DEC.88,C,2026-10-06,ESCAPE,global,param,SUPPORTED,yes,,,,
30.DEC.88,C,2026-10-06,EXPERT,global,param,UNSUPPORTED,no,,,,
30.DEC.88,C,2026-10-06,FLOW,global,param,SUPPORTED,yes,,,,
30.DEC.88,C,2026-10-06,FRICK,global,param,UNSUPPORTED,no,,,,
30.DEC.88,C,2026-10-06,HELP,global,immediate,SUPPORTED,?,,,,
30.DEC.88,C,2026-10-06,HOST,global,param,SUPPORTED,yes,,,,
30.DEC.88,C,2026-10-06,HOSTKEY,global,param,UNSUPPORTED,no,,,,
30.DEC.88,C,2026-10-06,IO,global,param,SUPPORTED,yes,,,,
30.DEC.88,C,2026-10-06,LITE,global,param,UNSUPPORTED,no,,,,
30.DEC.88,C,2026-10-06,MOPTT,global,param,UNSUPPORTED,no,,,,
30.DEC.88,C,2026-10-06,NUCR,global,param,SUPPORTED,yes,,,,
30.DEC.88,C,2026-10-06,NULF,global,param,SUPPORTED,yes,,,,
30.DEC.88,C,2026-10-06,NULLS,global,param,SUPPORTED,yes,,,,
30.DEC.88,C,2026-10-06,OPMODE,global,immediate,SUPPORTED,?,,,,
30.DEC.88,C,2026-10-06,PARITY,global,param,SUPPORTED,yes,,,,
30.DEC.88,C,2026-10-06,PRCON,global,param,SUPPORTED,yes,,,,
30.DEC.88,C,2026-10-06,PROUT,global,param,SUPPORTED,yes,,,,
30.DEC.88,C,2026-10-06,REDISPLAY,global,param,SUPPORTED,yes,,,,
30.DEC.88,C,2026-10-06,START,global,param,SUPPORTED,yes,,,,
30.DEC.88,C,2026-10-06,STOP,global,param,SUPPORTED,yes,,,,
30.DEC.88,C,2026-10-06,TBAUD,global,param,SUPPORTED,yes,,,,
30.DEC.88,C,2026-10-06,TCLEAR,global,immediate,SUPPORTED,?,,,,
30.DEC.88,C,2026-10-06,TIME,global,param,SUPPORTED,yes,,,,
30.DEC.88,C,2026-10-06,TRFLOW,global,param,SUPPORTED,yes,,,,
30.DEC.88,C,2026-10-06,XFLOW,global,param,SUPPORTED,yes,,,,
30.DEC.88,C,2026-10-06,XMITOK,global,param,SUPPORTED,yes,,,,
30.DEC.88,C,2026-10-06,XOFF,global,param,SUPPORTED,yes,,,,
30.DEC.88,C,2026-10-06,XON,global,param,SUPPORTED,yes,,,,
30.DEC.88,C,2026-10-06,3RDPARTY,maildrop,param,UNSUPPORTED,no,,,,
30.DEC.88,C,2026-10-06,BBSMSGS,maildrop,param,SUPPORTED,yes,,,,
30.DEC.88,C,2026-10-06,CMSG,maildrop,param,SUPPORTED,yes,,,,
30.DEC.88,C,2026-10-06,CTEXT,maildrop,param,SUPPORTED,yes,,,,
30.DEC.88,C,2026-10-06,DELETE,maildrop,param,SUPPORTED,yes,,,,
30.DEC.88,C,2026-10-06,FREE,maildrop,immediate,UNSUPPORTED,?,,,,
30.DEC.88,C,2026-10-06,HEREIS,maildrop,param,UNSUPPORTED,no,,,,
30.DEC.88,C,2026-10-06,HOMEBBS,maildrop,param,UNSUPPORTED,no,,,,
30.DEC.88,C,2026-10-06,KILONFWD,maildrop,param,UNSUPPORTED,no,,,,
30.DEC.88,C,2026-10-06,LASTMSG,maildrop,immediate,UNSUPPORTED,?,,,,
30.DEC.88,C,2026-10-06,MAILDROP,maildrop,param,UNSUPPORTED,no,,,,
30.DEC.88,C,2026-10-06,MBELL,maildrop,param,SUPPORTED,yes,,,,
30.DEC.88,C,2026-10-06,MBX,maildrop,param,SUPPORTED,yes,,,,
30.DEC.88,C,2026-10-06,MDIGI,maildrop,param,SUPPORTED,yes,,,,
30.DEC.88,C,2026-10-06,MDMON,maildrop,param,UNSUPPORTED,no,,,,
30.DEC.88,C,2026-10-06,MDPROMPT,maildrop,param,UNSUPPORTED,no,,,,
30.DEC.88,C,2026-10-06,MID,maildrop,param,SUPPORTED,yes,,,,
30.DEC.88,C,2026-10-06,MMSG,maildrop,param,UNSUPPORTED,no,,,,
30.DEC.88,C,2026-10-06,MPROTO,maildrop,param,SUPPORTED,yes,,,,
30.DEC.88,C,2026-10-06,MSTAMP,maildrop,param,SUPPORTED,yes,,,,
30.DEC.88,C,2026-10-06,MTEXT,maildrop,param,UNSUPPORTED,no,,,,
30.DEC.88,C,2026-10-06,MXMIT,maildrop,param,UNSUPPORTED,no,,,,
30.DEC.88,C,2026-10-06,MYALIAS,maildrop,param,SUPPORTED,yes,,,,
30.DEC.88,C,2026-10-06,MYGATE,maildrop,param,UNSUPPORTED,no,,,,
30.DEC.88,C,2026-10-06,MYIDENT,maildrop,param,UNSUPPORTED,no,,,,
30.DEC.88,C,2026-10-06,MYMAIL,maildrop,param,UNSUPPORTED,no,,,,
30.DEC.88,C,2026-10-06,NOMODE,maildrop,param,SUPPORTED,yes,,,,
30.DEC.88,C,2026-10-06,TMAIL,maildrop,param,UNSUPPORTED,no,,,,
30.DEC.88,C,2026-10-06,TMPROMPT,maildrop,param,UNSUPPORTED,no,,,,
30.DEC.88,C,2026-10-06,UBIT,maildrop,param,UNSUPPORTED,no,,,,
30.DEC.88,C,2026-10-06,USERS,maildrop,param,SUPPORTED,yes,,,,
30.DEC.88,C,2026-10-06,MFILTER,pactor,param,SUPPORTED,yes,,,,
30.DEC.88,C,2026-10-06,MYPTCALL,pactor,param,UNSUPPORTED,no,,,,
30.DEC.88,C,2026-10-06,NEWMODE,pactor,param,SUPPORTED,yes,,,,
30.DEC.88,C,2026-10-06,PT200,pactor,param,UNSUPPORTED,no,,,,
30.DEC.88,C,2026-10-06,PTDOWN,pactor,param,UNSUPPORTED,no,,,,
30.DEC.88,C,2026-10-06,PTHUFF,pactor,param,UNSUPPORTED,no,,,,
30.DEC.88,C,2026-10-06,PTOVER,pactor,param,UNSUPPORTED,no,,,,
30.DEC.88,C,2026-10-06,PTROUND,pactor,param,UNSUPPORTED,no,,,,
30.DEC.88,C,2026-10-06,PTUP,pactor,param,UNSUPPORTED,no,,,,
30.DEC.88,C,2026-10-06,UCMD,pactor,param,UNSUPPORTED,no,,,,
30.DEC.88,C,2026-10-06,GUSERS,gps,param,UNSUPPORTED,no,,,,
30.DEC.88,C,2026-10-06,RECEIVE,misc,param,SUPPORTED,yes,,,,
30.DEC.88,C,2026-10-06,BARGRAPH,other,param,UNSUPPORTED,no,,,,
30.DEC.88,C,2026-10-06,BRIGHT,other,param,UNSUPPORTED,no,,,,
30.DEC.88,C,2026-10-06,MARK,other,param,UNSUPPORTED,no,,,,
30.DEC.88,C,2026-10-06,MODEM,other,param,UNSUPPORTED,no,,,,
30.DEC.88,C,2026-10-06,PK,other,param,UNSUPPORTED,no,,,,
30.DEC.88,C,2026-10-06,PTSUM,other,param,UNSUPPORTED,no,,,,
30.DEC.88,C,2026-10-06,PTTRIES,other,param,UNSUPPORTED,no,,,,
30.DEC.88,C,2026-10-06,QHPACKET,other,param,UNSUPPORTED,no,,,,
30.DEC.88,C,2026-10-06,QMORSE,other,param,UNSUPPORTED,no,,,,
30.DEC.88,C,2026-10-06,QPTOR,other,param,UNSUPPORTED,no,,,,
30.DEC.88,C,2026-10-06,QRTTY,other,param,UNSUPPORTED,no,,,,
30.DEC.88,C,2026-10-06,QTDM,other,param,UNSUPPORTED,no,,,,
30.DEC.88,C,2026-10-06,QTOR,other,param,UNSUPPORTED,no,,,,
30.DEC.88,C,2026-10-06,QVPACKET,other,param,UNSUPPORTED,no,,,,
30.DEC.88,C,2026-10-06,QWIDE,other,param,UNSUPPORTED,no,,,,
30.DEC.88,C,2026-10-06,RADIO,other,param,UNSUPPORTED,no,,,,
30.DEC.88,C,2026-10-06,SPACE,other,param,UNSUPPORTED,no,,,,
30.DEC.88,C,2026-10-06,THRESHOLD,other,param,UNSUPPORTED,no,,,,
30.DEC.88,C,2026-10-06,TXSMT,other,param,UNSUPPORTED,no,,,,
30.DEC.88,C,2026-10-06,XGATEWAY,other,param,UNSUPPORTED,no,,,,
30.DEC.88,C,2026-10-06,XLENGTH,other,param,UNSUPPORTED,no,,,,
30.DEC.88,C,2026-10-06,ZFREE,other,immediate,UNSUPPORTED,?,,,,
30.DEC.88,C,2026-10-06,ZSTATUS,other,immediate,UNSUPPORTED,?,,,,
30.DEC.88,C,2026-10-06,5BIT,other,mode,UNSUPPORTED,?,,unknown command,none needed,'5BIT\r\n?What?\r\ncmd:'
30.DEC.88,C,2026-10-06,6BIT,other,mode,UNSUPPORTED,?,,unknown command,none needed,'6BIT\r\n?What?\r\ncmd:'
30.DEC.88,C,2026-10-06,ALIST,other,mode,SUPPORTED,?,,refused: ?need MYSELCAL,PACKET,'ALIST\r\n?need MYSELCAL\r\ncmd:'
30.DEC.88,C,2026-10-06,AMTOR,other,mode,SUPPORTED,?,,refused: ?need MYSELCAL,PACKET,'AMTOR\r\n?need MYSELCAL\r\ncmd:'
30.DEC.88,C,2026-10-06,ARQE,other,mode,UNSUPPORTED,?,,unknown command,none needed,'ARQE\r\n?What?\r\ncmd:'
30.DEC.88,C,2026-10-06,ASCII,other,mode,SUPPORTED,?,,changes OPMODE to ASCII,PACKET,'ASCII\r\nOPMODE   was PACKET   \r\nOPMODE   now ASCII    \r\ncmd:'
30.DEC.88,C,2026-10-06,BAUDOT,other,mode,SUPPORTED,?,,changes OPMODE to BAUDOT,PACKET,'BAUDOT\r\nOPMODE   was PACKET   \r\nOPMODE   now BAUDOT   \r\ncmd:'
30.DEC.88,C,2026-10-06,CONVERSE,other,mode,SUPPORTED,?,,refused: ?need MYCALL,Ctrl-C,'CONVERSE\r\n?need MYCALL\r\ncmd:'
30.DEC.88,C,2026-10-06,FAX,other,mode,SUPPORTED,?,,changes OPMODE to FAX,PACKET,'FAX\r\nOPMODE   was PACKET   \r\nOPMODE   now FAX      \r\ncmd:'
30.DEC.88,C,2026-10-06,K,other,mode,SUPPORTED,?,,refused: ?need MYCALL,Ctrl-C,'K\r\n?need MYCALL\r\ncmd:'
30.DEC.88,C,2026-10-06,MORSE,other,mode,SUPPORTED,?,,changes OPMODE to MORSE,PACKET,'MORSE\r\nOPMODE   was PACKET   \r\nOPMODE   now MORSE    \r\ncmd:T '
30.DEC.88,C,2026-10-06,NAVTEX,other,mode,SUPPORTED,?,,changes OPMODE to NAVTEX,PACKET,'NAVTEX\r\nOPMODE   was PACKET   \r\nOPMODE   now NAVTEX   \r\ncmd:'
30.DEC.88,C,2026-10-06,PACKET,other,mode,SUPPORTED,?,,changes OPMODE to PACKET,PACKET,'PACKET\r\nOPMODE   was PACKET   \r\nOPMODE   now PACKET   \r\ncmd:'
30.DEC.88,C,2026-10-06,PACTOR,other,mode,UNSUPPORTED,?,,unknown command,none needed,'PACTOR\r\n?What?\r\ncmd:'
30.DEC.88,C,2026-10-06,PTLIST,other,mode,UNSUPPORTED,?,,unknown command,none needed,'PTLIST\r\n?What?\r\ncmd:'
30.DEC.88,C,2026-10-06,RCVE,other,mode,SUPPORTED,?,,refused: ?not while in PACKET,PACKET,'RCVE\r\n?not while in PACKET   \r\ncmd:'
30.DEC.88,C,2026-10-06,SAMPLE,other,mode,UNSUPPORTED,?,,unknown command,none needed,'SAMPLE\r\n?What?\r\ncmd:'
30.DEC.88,C,2026-10-06,SIGNAL,other,mode,SUPPORTED,?,,changes OPMODE to SIGNAL,PACKET,'SIGNAL\r\nOPMODE   was PACKET   \r\nOPMODE   now SIGNAL   \r\ncmd:'
30.DEC.88,C,2026-10-06,TDM,other,mode,UNSUPPORTED,?,,unknown command,none needed,'TDM\r\n?What?\r\ncmd:'
30.DEC.88,C,2026-10-06,ACHG,other,action_tx,SUPPORTED,?,,refused: ?not while in PACKET,Ctrl-C,'ACHG\r\n?not while in PACKET   \r\ncmd:'
30.DEC.88,C,2026-10-06,ARQ,other,action_tx,SUPPORTED,?,,refused: ?callsign,Ctrl-C,'ARQ\r\n?callsign\r\ncmd:'
30.DEC.88,C,2026-10-06,CONNECT,other,action_tx,SUPPORTED,?,,prints a value,Ctrl-C,'CONNECT\r\nLink state is: DISCONNECTED\r\ncmd:'
30.DEC.88,C,2026-10-06,DISCONNECT,other,action_tx,SUPPORTED,?,,prints a value,Ctrl-C,'DISCONNECT\r\nLink state is: DISCONNECTED\r\ncmd:'
30.DEC.88,C,2026-10-06,FEC,other,action_tx,SUPPORTED,?,,refused: ?need MYSELCAL,Ctrl-C,'FEC\r\n?need MYSELCAL\r\ncmd:'
30.DEC.88,C,2026-10-06,ID,other,action_tx,SUPPORTED,?,,refused: ?need MYCALL,Ctrl-C,'ID\r\n?need MYCALL\r\ncmd:'
30.DEC.88,C,2026-10-06,OVER,other,action_tx,UNSUPPORTED,?,,unknown command,none needed,'OVER\r\n?What?\r\ncmd:'
30.DEC.88,C,2026-10-06,PTCONN,other,action_tx,UNSUPPORTED,?,,unknown command,none needed,'PTCONN\r\n?What?\r\ncmd:'
30.DEC.88,C,2026-10-06,PTSEND,other,action_tx,UNSUPPORTED,?,,unknown command,none needed,'PTSEND\r\n?What?\r\ncmd:'
30.DEC.88,C,2026-10-06,SELFEC,other,action_tx,SUPPORTED,?,,refused: ?callsign,Ctrl-C,'SELFEC\r\n?callsign\r\ncmd:'
30.DEC.88,C,2026-10-06,XMIT,other,action_tx,SUPPORTED,?,,refused: ?not while in PACKET,Ctrl-C,'XMIT\r\n?not while in PACKET   \r\ncmd:'
30.DEC.88,C,2026-10-06,MDCHECK,other,danger,UNSUPPORTED,?,,unknown command,none needed,'MDCHECK\r\n?What?\r\ncmd:'
30.DEC.88,C,2026-10-06,MEMORY,other,danger,SUPPORTED,?,,prints a value,Ctrl-C,'MEMORY\r\nMEMORY   $00\r\ncmd:'
30.DEC.88,C,2026-10-06,TRANS,other,danger,SUPPORTED,?,,refused: ?need MYCALL,3xCtrl-C/CMDTIME,'TRANS\r\n?need MYCALL\r\ncmd:'
30.DEC.88,C,2026-10-06,CALIBRATE,other,danger,SUPPORTED,?,,starts the AFSK calibration (keys the tones),Q,'CALIBRATE\r\n1200  R167\r\n1201  R167\r\n1203  R167\r\n1203  R167\r\n1203  R167\r\n1203  R167\r\n'
30.DEC.88,C,2026-10-06,RESTART,other,danger,SUPPORTED,?,,prints banner (restart),banner/*,"'RESTART\r\n\x00  \r\n\r\n\r\n\x11AEA PK-232 Data Controller\r\nCopyright (C) 1986, 1987, 1988 by\r\nAdvanced Electronic Applications, Inc.\r\nRelease 30.DEC.88\r\nChecksum $80\r\ncmd:'"
30.DEC.88,C,2026-10-06,RESET,other,danger,SUPPORTED,?,,no prompt returned,banner/*,'RESET\r\n\x00\x80\x80\x00\x00\x80\x00\x00\x80\x80\x00\x80\x80\x80\x80\x00\x80\x80\x00\x80\x80\x00\x80\x80\x80\x00\x80\x00\x00\x00\x80\x80\x80\x00\x80\x00\x80\x80\x80\x00\x80\x00\x00\x80\x00\x80\x00\x00\x80\x00\x80\x00\x80\x80\x80\x00\x80\x00\x00\x80\x00\x00\x00\x80\x00\x00\x00\x00\x80\x80\x00\x00\x00\x80\x00\x80\x00\x00\x00\x00\x00\x80\x80\x80\x80\x00\x00\x80\x00\x00\x80\x00\x80\x80\x80\x80\x80\x00\x80\x80\x80\x80\x80\x80\x80\x80\x00\x00\x00\x80\x80\x00\x80\x80\x80\x80\x80\x00\x00\x80\x00\x00\x00\x00\x80\x80\x80\x80\x80\x80\x80\x80\x00\x80\x80\x80\x00\x80\x80\x00\x80\x80\x80\x80\x00\x80\x00\x
30.DEC.88,C,2026-10-06,REINIT,other,danger,UNSUPPORTED,?,,unknown command,none needed,'REINIT\r\n?What?\r\ncmd:'
